Brand,Year,Km_Driven,Fuel_Type,Transmission,Owner,Location,Engine_CC,Mileage,Seats,Insurance,Selling_Price
Mahindra,2012,148273,Electric,Manual,Third,Hyderabad,1000,11.4,5,Yes,7.71
Toyota,2019,34426,Diesel,Manual,First,Mumbai,2500,25.9,6,Yes,17.7
Ford,2023,22778,Petrol,Manual,First,Hyderabad,1400,11.4,4,No,14.09
Tata,2022,47229,Diesel,Manual,Second,Pune,2500,22.7,5,Yes,17.7
Mahindra,2023,91652,Petrol,Manual,First,Mumbai,2200,26.6,5,Yes,16.44
Renault,2023,133267,Electric,Manual,First,Chennai,2200,14.9,6,Yes,16.09
Honda,2015,131503,Electric,Manual,First,Chennai,1600,16.7,7,Yes,14.53
Mahindra,2015,89878,Diesel,Automatic,Second,Pune,1400,20.2,6,Yes,11.57
Ford,2016,62056,Petrol,Manual,First,Delhi,1800,25.9,5,Yes,14.45
Tata,2019,163562,Diesel,Manual,Third,Pune,800,27.0,5,Yes,9.57
Toyota,2016,24975,Petrol,Manual,First,Delhi,1400,23.3,4,No,12.13
Ford,2019,162795,Petrol,Automatic,First,Mumbai,1500,11.6,5,Yes,12.39
Ford,2021,159351,Diesel,Manual,First,Delhi,2000,22.0,5,Yes,14.32
Honda,2012,147633,Petrol,Manual,First,Mumbai,1000,17.4,5,Yes,10.21
Kia,2023,93397,Petrol,Manual,Second,Mumbai,1500,18.5,5,No,12.74
Tata,2021,38142,Electric,Automatic,Second,Bangalore,1600,10.9,6,Yes,15.62
Hyundai,2020,31916,Petrol,Manual,Second,Mumbai,1500,13.4,5,Yes,10.98
Ford,2017,69324,Petrol,Automatic,First,Delhi,2200,24.2,4,Yes,15.23
Kia,2014,130932,CNG,Manual,First,Bangalore,2500,18.2,5,No,12.93
Hyundai,2024,140720,Petrol,Manual,Second,Bangalore,800,15.4,7,Yes,10.64
Tata,2025,171205,Diesel,Automatic,Third,Mumbai,1200,16.9,6,Yes,14.36
Maruti,2019,101059,Electric,Manual,First,Pune,1000,25.4,7,No,14.79
Renault,2020,103317,CNG,Automatic,First,Pune,1200,23.5,5,Yes,13.48
Kia,2017,40046,Diesel,Automatic,First,Chennai,2500,14.9,7,Yes,18.75
Volkswagen,2022,106459,Petrol,Automatic,Second,Bangalore,2200,12.1,5,Yes,16.12
Maruti,2018,50893,Petrol,Manual,Second,Mumbai,2200,14.5,4,Yes,12.26
Renault,2012,106520,Diesel,Automatic,First,Pune,2500,26.6,7,Yes,14.67
Honda,2025,130818,CNG,Manual,First,Mumbai,1000,20.5,5,Yes,14.58
Mahindra,2016,66272,Diesel,Automatic,Second,Mumbai,1200,19.6,5,Yes,12.57
Toyota,2016,72649,Petrol,Manual,First,Bangalore,1400,20.7,5,Yes,13.1
Volkswagen,2021,69674,Petrol,Automatic,First,Chennai,2200,16.6,5,No,15.59
Honda,2025,149832,Petrol,Manual,First,Bangalore,1200,24.5,7,Yes,15.41
Tata,2015,157999,Diesel,Manual,First,Hyderabad,1800,19.4,5,Yes,11.41
Honda,2017,91475,Petrol,Manual,First,Pune,1200,12.1,5,Yes,11.29
Mahindra,2018,66367,CNG,Automatic,Second,Pune,1800,12.3,5,Yes,14.57
Tata,2020,148660,Diesel,Manual,Second,Pune,1800,19.7,5,Yes,12.62
Volkswagen,2012,126750,Petrol,Manual,Second,Delhi,2200,26.9,5,Yes,11.07
Mahindra,2017,123154,Diesel,Automatic,Second,Mumbai,1000,15.6,5,No,9.83
Hyundai,2018,49738,Petrol,Manual,First,Bangalore,1600,25.7,5,Yes,14.47
Toyota,2014,38397,Diesel,Manual,Second,Pune,2200,23.8,5,No,14.89
Volkswagen,2019,87189,Diesel,Manual,First,Hyderabad,1000,14.5,7,No,12.55
Hyundai,2016,81367,Diesel,Manual,Second,Pune,1000,10.7,5,Yes,9.65
Renault,2020,125585,CNG,Manual,Third,Chennai,1500,11.8,5,Yes,11.14
Volkswagen,2016,81619,Petrol,Manual,First,Mumbai,2500,23.1,5,No,14.12
Renault,2020,116453,Petrol,Manual,First,Mumbai,2500,13.6,5,No,14.35
Tata,2021,24816,Diesel,Manual,First,Bangalore,2500,16.7,6,Yes,16.83
Hyundai,2015,178312,Petrol,Automatic,First,Delhi,2000,19.0,7,Yes,12.62
Toyota,2020,142348,Petrol,Manual,First,Bangalore,2200,23.1,5,Yes,15.09
Mahindra,2016,84530,Petrol,Manual,Second,Pune,1000,12.0,7,No,9.23
Ford,2021,159571,Diesel,Automatic,Third,Chennai,1500,17.3,5,Yes,12.86
Honda,2020,113856,Petrol,Manual,First,Hyderabad,1800,18.7,5,Yes,14.28
Maruti,2014,76635,Diesel,Manual,First,Bangalore,1600,19.7,5,No,8.55
Toyota,2015,112803,Electric,Automatic,First,Delhi,1600,24.7,5,Yes,15.84
Hyundai,2020,40946,Petrol,Automatic,Second,Bangalore,1800,13.1,5,Yes,14.0
Ford,2021,60204,Petrol,Automatic,First,Mumbai,1200,24.5,7,Yes,16.42
Toyota,2022,20563,Petrol,Automatic,First,Pune,1200,22.5,5,No,14.89
Hyundai,2017,97324,CNG,Automatic,First,Pune,2500,20.0,7,Yes,16.71
Kia,2013,14847,Petrol,Manual,First,Pune,2200,22.6,7,Yes,16.05
Kia,2018,31155,Petrol,Automatic,First,Pune,2000,17.4,5,Yes,14.59
Renault,2013,84671,Petrol,Manual,Second,Pune,1500,12.5,5,Yes,9.77
Toyota,2022,121891,Diesel,Automatic,First,Pune,1600,22.0,5,Yes,15.96
Kia,2013,88310,Petrol,Manual,Second,Hyderabad,2500,19.4,7,Yes,13.46
Hyundai,2022,154381,Diesel,Manual,First,Delhi,800,21.5,5,Yes,11.42
Renault,2012,136691,CNG,Manual,Second,Pune,2500,16.1,4,No,10.26
Hyundai,2022,39707,Petrol,Automatic,Second,Delhi,800,26.3,5,No,15.31
Renault,2022,156409,Diesel,Manual,First,Chennai,1400,20.6,5,Yes,13.85
Toyota,2023,86537,Petrol,Automatic,First,Pune,1000,11.5,4,Yes,14.83
Ford,2022,96155,CNG,Automatic,First,Bangalore,1800,18.1,4,Yes,15.74
Mahindra,2014,5281,Diesel,Manual,Second,Pune,1000,23.6,5,No,9.48
Volkswagen,2017,163492,CNG,Automatic,First,Mumbai,2500,24.3,5,Yes,16.25
Ford,2019,175102,Petrol,Automatic,Third,Hyderabad,1000,18.9,5,Yes,11.11
Tata,2020,137130,Petrol,Manual,First,Bangalore,1500,26.1,5,Yes,12.27
Hyundai,2018,81260,Petrol,Manual,Second,Bangalore,1400,14.8,5,Yes,12.1
Tata,2015,164476,Petrol,Manual,Second,Mumbai,2000,17.4,5,Yes,11.54
Ford,2017,165928,Petrol,Manual,Second,Pune,1400,26.2,5,Yes,12.49
Renault,2016,145272,Petrol,Manual,First,Hyderabad,1600,26.1,5,Yes,11.29
Volkswagen,2019,69178,Petrol,Automatic,First,Bangalore,1500,22.3,5,Yes,13.87
Volkswagen,2012,38997,Petrol,Manual,Second,Hyderabad,1000,25.5,5,Yes,9.98
Maruti,2012,161683,Diesel,Automatic,First,Bangalore,2000,11.6,4,Yes,12.39
Volkswagen,2024,124273,Petrol,Manual,First,Pune,1000,25.6,5,Yes,12.23
Mahindra,2022,177307,Petrol,Manual,First,Chennai,2200,15.8,4,Yes,11.93
Volkswagen,2017,171129,Petrol,Automatic,First,Bangalore,2200,13.2,7,Yes,14.67
Ford,2021,137311,Petrol,Automatic,First,Chennai,1200,14.3,7,Yes,13.12
Maruti,2023,131945,Electric,Manual,First,Bangalore,1400,17.5,7,Yes,15.94
Ford,2013,50272,Petrol,Manual,First,Delhi,2000,14.5,6,Yes,13.38
Ford,2016,94393,Diesel,Manual,Second,Pune,2200,15.8,5,Yes,12.97
Honda,2012,66212,Electric,Manual,Second,Mumbai,1200,12.4,5,Yes,10.5
Maruti,2018,151470,Diesel,Manual,Second,Chennai,1500,15.3,5,No,12.31
Ford,2012,125030,Diesel,Manual,Third,Mumbai,2000,20.3,4,Yes,9.78
Honda,2015,61503,CNG,Manual,First,Pune,1200,18.0,5,Yes,11.01
Honda,2020,142710,Electric,Automatic,First,Mumbai,1800,16.2,7,Yes,18.63
Maruti,2012,11570,Diesel,Manual,First,Pune,2000,23.4,5,Yes,13.03
Tata,2015,73785,Diesel,Manual,First,Mumbai,2500,26.1,5,Yes,15.26
Renault,2017,14110,Diesel,Manual,Third,Chennai,1200,23.6,5,Yes,12.1
Mahindra,2017,84141,Diesel,Automatic,First,Delhi,1000,16.0,5,Yes,13.04
Renault,2023,17115,Diesel,Automatic,First,Mumbai,2500,23.4,5,Yes,18.87
Volkswagen,2024,44062,Petrol,Manual,First,Chennai,1800,12.7,7,Yes,17.54
Mahindra,2019,27911,Petrol,Automatic,First,Bangalore,2200,12.3,5,No,13.38
Volkswagen,2012,109061,Petrol,Manual,Second,Pune,800,16.2,7,No,9.1
Ford,2018,37556,Petrol,Manual,First,Hyderabad,1200,24.5,5,Yes,12.16
Hyundai,2012,133335,Petrol,Manual,Third,Hyderabad,1500,14.4,7,Yes,10.1
Maruti,2024,6969,Petrol,Manual,First,Pune,1200,11.1,5,Yes,13.66
Mahindra,2025,48753,Diesel,Automatic,First,Delhi,800,12.4,5,Yes,13.83
Mahindra,2018,140542,Petrol,Automatic,Second,Mumbai,1800,25.5,5,Yes,13.8
Ford,2014,126863,Diesel,Manual,First,Delhi,1800,21.4,6,Yes,13.49
Tata,2022,15225,Petrol,Manual,Second,Hyderabad,2500,14.6,7,Yes,17.25
Honda,2019,128008,Petrol,Manual,Third,Chennai,2000,20.0,4,Yes,11.73
Ford,2014,159268,Diesel,Manual,Second,Pune,1500,19.5,4,Yes,9.8
Kia,2025,110823,Diesel,Manual,Second,Pune,2500,21.8,7,Yes,18.32
Honda,2025,18669,Petrol,Manual,First,Delhi,1500,14.2,5,No,15.29
Maruti,2024,173452,CNG,Manual,Third,Chennai,1500,25.6,5,Yes,13.06
Honda,2012,129398,CNG,Manual,First,Delhi,800,15.6,5,Yes,7.28
Tata,2024,115677,Petrol,Manual,Second,Mumbai,2500,22.5,5,Yes,16.37
Honda,2024,53320,Petrol,Manual,Third,Bangalore,1500,10.3,7,Yes,13.84
Maruti,2025,151649,Electric,Automatic,Third,Chennai,1600,16.7,6,Yes,15.46
Tata,2019,130354,Diesel,Manual,Second,Bangalore,800,16.3,5,Yes,9.69
Renault,2014,93009,Diesel,Automatic,First,Mumbai,1800,19.8,5,Yes,13.14
Mahindra,2013,33625,CNG,Manual,Third,Bangalore,800,11.3,7,Yes,5.74
Mahindra,2012,29089,Petrol,Automatic,Second,Hyderabad,1000,24.2,4,Yes,9.68
Volkswagen,2025,41487,Petrol,Automatic,Third,Bangalore,1000,13.9,7,Yes,13.77
Renault,2014,115448,Petrol,Manual,Second,Mumbai,1500,22.2,5,Yes,10.61
Renault,2013,55138,Diesel,Manual,First,Bangalore,2500,24.5,5,Yes,13.92
Honda,2013,178895,Diesel,Automatic,First,Pune,1800,20.1,7,Yes,13.41
Mahindra,2017,173280,Diesel,Manual,First,Delhi,800,23.3,5,Yes,11.42
Maruti,2023,59061,Petrol,Manual,Second,Hyderabad,2500,21.9,5,No,16.51
Toyota,2012,166731,Petrol,Manual,First,Pune,800,16.4,5,Yes,9.43
Toyota,2013,106376,Diesel,Manual,First,Pune,800,24.6,5,Yes,10.71
Tata,2025,167962,Diesel,Manual,First,Mumbai,1600,15.3,5,Yes,14.7
Mahindra,2017,84134,Diesel,Automatic,Second,Delhi,1000,20.3,7,No,12.03
Mahindra,2014,52055,Petrol,Automatic,First,Delhi,800,23.4,7,No,11.13
Toyota,2015,24508,CNG,Manual,First,Chennai,1600,16.8,5,Yes,14.04
Mahindra,2012,178359,Petrol,Automatic,First,Hyderabad,1000,15.4,5,Yes,8.21
Honda,2019,163056,Electric,Manual,First,Mumbai,1600,18.3,4,Yes,15.99
Kia,2024,115169,Petrol,Automatic,First,Hyderabad,2500,24.7,4,Yes,17.91
Hyundai,2018,13125,Diesel,Manual,First,Chennai,2000,26.7,5,Yes,16.39
Renault,2018,41059,Petrol,Manual,First,Bangalore,1000,19.8,7,Yes,13.38
Volkswagen,2014,108409,CNG,Automatic,Third,Pune,2200,21.9,5,Yes,14.22
Tata,2021,153159,Petrol,Manual,Second,Hyderabad,2000,26.3,7,Yes,13.32
Kia,2021,10704,Petrol,Automatic,First,Pune,2500,11.8,4,No,17.25
Toyota,2014,116279,Petrol,Automatic,Third,Mumbai,800,14.2,5,Yes,10.16
Renault,2025,163280,Petrol,Automatic,First,Bangalore,1800,22.8,5,Yes,16.24
Mahindra,2013,123516,Petrol,Manual,First,Mumbai,2500,24.8,5,Yes,12.28
Volkswagen,2023,175954,Electric,Automatic,First,Bangalore,1600,25.4,4,No,16.46
Mahindra,2012,161995,Petrol,Manual,First,Bangalore,1600,17.5,7,No,10.65
Maruti,2018,119044,Diesel,Manual,First,Pune,1600,11.6,5,Yes,11.41
Maruti,2018,34165,Diesel,Automatic,First,Mumbai,1600,17.9,7,Yes,15.0
Volkswagen,2023,72203,Diesel,Manual,First,Mumbai,2500,14.2,5,No,18.4
Volkswagen,2013,9114,Petrol,Automatic,Second,Hyderabad,1800,15.2,7,Yes,13.79
Toyota,2018,41321,Petrol,Automatic,First,Mumbai,1200,23.9,5,Yes,14.15
Volkswagen,2024,78297,Diesel,Automatic,First,Hyderabad,1600,11.4,7,Yes,16.31
Honda,2019,101652,Electric,Automatic,First,Delhi,1200,24.9,4,Yes,16.33
Mahindra,2012,104304,Petrol,Automatic,First,Delhi,1800,17.7,6,Yes,11.05
Kia,2020,161498,Petrol,Manual,First,Delhi,1800,20.7,7,No,13.58
Ford,2018,22772,Petrol,Automatic,First,Chennai,2000,11.6,5,Yes,15.24
Volkswagen,2014,108754,Electric,Manual,Second,Mumbai,1000,16.1,5,Yes,12.86
Tata,2019,8712,Petrol,Manual,First,Chennai,2200,11.6,5,Yes,15.3
Maruti,2018,137439,Petrol,Manual,First,Mumbai,1500,27.3,7,Yes,12.23
Honda,2022,120142,CNG,Manual,Second,Hyderabad,2200,24.5,5,Yes,16.76
Renault,2024,96736,Petrol,Manual,First,Chennai,2500,18.3,5,Yes,16.15
Ford,2019,56924,Petrol,Automatic,First,Chennai,1500,14.0,5,Yes,12.84
Kia,2017,8726,Diesel,Manual,Second,Chennai,1800,26.8,4,Yes,14.45
Ford,2020,94152,CNG,Manual,First,Bangalore,2200,16.2,7,Yes,16.78
Volkswagen,2016,32723,Petrol,Manual,First,Hyderabad,1400,12.9,5,Yes,12.35
Toyota,2014,131969,Petrol,Manual,First,Delhi,1000,20.1,5,No,10.17
Maruti,2014,105494,Petrol,Manual,First,Hyderabad,2200,27.0,7,Yes,14.94
Maruti,2012,145180,Petrol,Manual,First,Bangalore,1000,10.1,5,Yes,6.32
Renault,2023,40643,Diesel,Manual,First,Mumbai,1200,14.3,5,Yes,12.85
Toyota,2019,167396,Petrol,Manual,First,Hyderabad,2500,26.9,4,Yes,14.39
Mahindra,2013,108896,Petrol,Manual,First,Chennai,1000,13.1,5,Yes,8.96
Hyundai,2014,144999,Petrol,Manual,Second,Delhi,1200,12.0,5,Yes,8.69
Honda,2019,98680,Diesel,Manual,First,Delhi,1600,20.3,6,Yes,15.86
Maruti,2025,101546,Diesel,Automatic,First,Mumbai,1200,25.5,5,Yes,15.78
Tata,2019,158515,CNG,Automatic,First,Hyderabad,2500,18.6,5,Yes,15.25
Maruti,2025,84973,Petrol,Manual,Second,Bangalore,2000,27.9,5,Yes,15.67
Ford,2022,68449,CNG,Automatic,First,Mumbai,1600,22.2,5,Yes,15.95
Maruti,2015,114834,CNG,Manual,Second,Hyderabad,1800,11.3,6,Yes,9.6
Maruti,2015,30537,Petrol,Manual,First,Pune,800,27.9,5,Yes,12.89
Hyundai,2016,82576,Petrol,Automatic,First,Delhi,1200,17.3,5,Yes,12.39
Hyundai,2017,112522,Petrol,Manual,First,Bangalore,1200,15.2,5,Yes,10.93
Kia,2016,27612,Petrol,Automatic,First,Chennai,1000,20.0,5,Yes,13.24
Mahindra,2025,11471,Petrol,Manual,First,Bangalore,1800,15.5,5,Yes,16.43
Tata,2018,171703,Petrol,Manual,First,Chennai,2200,11.6,5,Yes,12.38
Maruti,2013,36348,Petrol,Manual,First,Bangalore,1400,10.0,5,No,9.18
Maruti,2018,6177,Diesel,Automatic,First,Delhi,1500,18.1,6,No,15.07
Honda,2021,140832,Petrol,Manual,Second,Chennai,1200,25.1,5,Yes,12.81
Hyundai,2018,37779,Diesel,Automatic,Second,Hyderabad,2200,20.3,7,Yes,16.04
Tata,2012,26636,Diesel,Manual,First,Chennai,1400,28.0,7,Yes,14.16
Renault,2018,86889,CNG,Manual,First,Mumbai,1500,15.2,5,Yes,12.38
Kia,2016,58551,Diesel,Manual,First,Hyderabad,800,15.0,5,Yes,11.76
Mahindra,2014,147628,Petrol,Manual,Second,Mumbai,1000,12.9,5,Yes,9.01
Toyota,2024,163670,Diesel,Automatic,First,Bangalore,2200,13.0,5,Yes,17.53
Mahindra,2014,147635,Petrol,Manual,Third,Hyderabad,1000,15.1,6,No,7.58
Ford,2015,51819,Petrol,Automatic,First,Bangalore,1500,24.3,5,Yes,14.08
Maruti,2024,78770,CNG,Automatic,First,Pune,2000,26.3,5,No,16.22
Kia,2023,163038,Petrol,Manual,First,Bangalore,1200,27.6,5,No,13.11
Ford,2013,163059,Petrol,Manual,Second,Bangalore,1600,14.2,5,Yes,9.4
Tata,2013,83714,Diesel,Manual,First,Mumbai,1400,25.9,5,Yes,11.02
Toyota,2012,29596,CNG,Manual,First,Chennai,1800,15.9,6,Yes,15.32
Hyundai,2016,169246,Diesel,Manual,Third,Pune,2500,12.0,5,Yes,11.03
Kia,2015,69106,Petrol,Manual,First,Bangalore,1200,25.7,6,Yes,11.2
Kia,2022,64182,Diesel,Manual,Second,Bangalore,1600,21.4,5,Yes,15.99
Maruti,2021,92163,Petrol,Manual,First,Pune,2500,13.0,5,Yes,15.53
Volkswagen,2013,44310,Diesel,Manual,Second,Pune,2200,17.7,5,No,12.38
Kia,2014,61088,Electric,Manual,First,Hyderabad,2500,15.2,4,Yes,16.71
Honda,2018,133803,Diesel,Manual,First,Mumbai,800,23.3,5,No,12.55
Toyota,2018,144978,CNG,Automatic,Second,Pune,1200,18.2,7,Yes,13.41
Toyota,2023,41914,Petrol,Manual,First,Pune,1000,27.8,7,Yes,17.92
Honda,2015,115350,Diesel,Manual,First,Delhi,2000,11.0,5,Yes,11.68
Renault,2016,50379,Diesel,Automatic,First,Chennai,1800,16.4,5,Yes,14.74
Honda,2016,173722,Petrol,Manual,First,Pune,1000,18.7,4,No,10.27
Honda,2017,51413,CNG,Manual,First,Mumbai,1600,19.1,7,Yes,15.12
Toyota,2025,142084,Petrol,Manual,First,Chennai,1200,15.7,4,Yes,13.6
Mahindra,2020,12151,Diesel,Manual,First,Chennai,2000,23.1,7,Yes,16.53
Toyota,2013,62716,Diesel,Manual,First,Bangalore,2500,25.7,5,Yes,16.33
Volkswagen,2016,98747,Diesel,Manual,First,Bangalore,1200,26.9,5,Yes,13.4
Maruti,2023,172450,Petrol,Manual,First,Bangalore,2500,24.5,7,Yes,16.74
Ford,2014,178724,Diesel,Manual,Second,Bangalore,2200,25.3,4,Yes,13.0
Mahindra,2015,149539,Diesel,Automatic,Second,Delhi,800,19.9,5,Yes,9.14
Hyundai,2021,167082,CNG,Automatic,Second,Pune,1500,24.9,5,No,13.03
Ford,2017,126999,Petrol,Manual,First,Bangalore,1200,15.5,5,Yes,9.96
Maruti,2023,119793,Petrol,Automatic,First,Hyderabad,1600,17.2,5,Yes,14.05
Volkswagen,2019,113177,Diesel,Manual,First,Bangalore,2500,15.7,5,Yes,16.7
Volkswagen,2012,17289,Petrol,Manual,First,Pune,1000,18.4,6,Yes,11.0
Hyundai,2021,179668,Diesel,Automatic,First,Bangalore,2200,15.1,4,Yes,17.17
Mahindra,2025,159243,Diesel,Manual,First,Delhi,1600,27.3,7,Yes,16.09
Renault,2019,91365,CNG,Manual,First,Mumbai,1800,15.6,5,Yes,13.24
Honda,2022,119014,Diesel,Manual,Third,Mumbai,1500,11.8,5,Yes,12.85
Mahindra,2025,165806,Diesel,Manual,First,Pune,2200,19.5,5,Yes,15.52
Renault,2018,77588,Petrol,Automatic,First,Mumbai,800,11.0,4,Yes,10.47
Volkswagen,2012,68646,Petrol,Automatic,First,Mumbai,1500,12.0,5,Yes,12.59
Toyota,2013,8654,Petrol,Automatic,First,Hyderabad,2500,13.9,7,Yes,16.77
Maruti,2014,23743,Petrol,Automatic,Second,Pune,1600,18.4,5,No,11.09
Hyundai,2012,53368,Diesel,Manual,First,Pune,1800,17.8,5,Yes,11.54
Maruti,2025,142513,Diesel,Manual,First,Mumbai,1400,24.4,5,No,13.74
Tata,2020,124735,Diesel,Manual,First,Mumbai,800,23.3,6,Yes,12.24
Tata,2019,160683,Diesel,Manual,First,Mumbai,2000,17.7,7,Yes,15.28
Mahindra,2013,124891,Electric,Manual,First,Chennai,2500,16.0,5,Yes,13.88
Volkswagen,2024,112971,Diesel,Automatic,Second,Delhi,1400,15.7,4,Yes,14.53
Volkswagen,2020,17149,Diesel,Manual,Second,Bangalore,1200,23.9,5,Yes,14.28
Honda,2018,105102,Diesel,Manual,Second,Delhi,1800,10.9,4,Yes,11.21
Honda,2020,64189,Petrol,Manual,First,Pune,1000,10.2,5,No,10.94
Honda,2017,157747,Petrol,Manual,Second,Hyderabad,2000,24.3,5,Yes,12.41
Toyota,2017,76031,Petrol,Automatic,First,Bangalore,1600,18.6,5,Yes,13.94
Ford,2022,47668,CNG,Manual,First,Hyderabad,1800,12.4,5,Yes,14.97
Kia,2025,149745,Diesel,Manual,Second,Chennai,1500,14.2,5,Yes,13.92
Ford,2015,93204,Petrol,Automatic,First,Pune,2200,26.8,7,Yes,15.14
Maruti,2021,159741,Petrol,Manual,First,Chennai,1500,25.5,7,Yes,13.7
Ford,2021,170140,Diesel,Manual,Second,Pune,1500,22.8,5,Yes,14.29
Toyota,2024,145507,Petrol,Manual,First,Hyderabad,1200,18.7,5,Yes,15.3
Maruti,2024,42384,Petrol,Automatic,First,Hyderabad,800,19.4,5,No,11.85
Ford,2013,86929,CNG,Manual,First,Hyderabad,1000,27.6,5,Yes,11.15
Toyota,2018,132959,Petrol,Automatic,Second,Pune,2000,27.4,6,Yes,15.52
Kia,2016,81153,Petrol,Automatic,Third,Mumbai,800,13.9,5,No,9.54
Ford,2022,80388,Diesel,Manual,Second,Hyderabad,1800,24.6,7,Yes,15.58
Toyota,2017,36401,CNG,Automatic,First,Chennai,1500,13.6,7,Yes,15.5
Honda,2013,124503,Diesel,Automatic,First,Bangalore,1200,13.8,5,Yes,11.65
Volkswagen,2016,132834,Petrol,Automatic,First,Pune,1800,22.2,5,Yes,13.3
Honda,2021,39084,Petrol,Automatic,First,Chennai,2200,17.3,5,Yes,16.48
Volkswagen,2015,115641,Petrol,Manual,First,Delhi,1000,26.8,5,Yes,10.66
Hyundai,2020,110111,Diesel,Manual,First,Delhi,2000,11.6,5,Yes,14.35
Hyundai,2017,172523,Diesel,Manual,First,Bangalore,2200,19.2,5,Yes,14.04
Hyundai,2013,143299,Petrol,Manual,Third,Mumbai,1200,26.5,7,Yes,10.1
Kia,2012,167982,CNG,Manual,First,Hyderabad,1000,26.3,5,No,8.79
Honda,2016,41041,Petrol,Automatic,First,Pune,1800,12.8,5,Yes,14.44
Volkswagen,2020,93920,Petrol,Automatic,First,Chennai,1500,16.6,5,Yes,15.08
Toyota,2017,70681,Petrol,Manual,Second,Hyderabad,1500,21.1,5,Yes,13.92
Maruti,2021,86571,Petrol,Automatic,Second,Chennai,2500,12.9,5,No,14.98
Toyota,2023,132556,Diesel,Automatic,Second,Pune,1500,27.4,7,Yes,16.89
Maruti,2018,31160,Diesel,Manual,Second,Delhi,1400,26.5,5,Yes,13.32
Tata,2016,22633,Petrol,Manual,First,Hyderabad,1500,13.0,5,No,10.68
Toyota,2021,22014,Diesel,Manual,First,Bangalore,1400,12.2,4,Yes,14.69
Ford,2017,85532,Petrol,Automatic,First,Mumbai,1600,11.5,5,No,13.09
Ford,2016,54104,Diesel,Manual,First,Bangalore,1400,26.4,7,Yes,14.56
Mahindra,2022,177693,Electric,Manual,First,Mumbai,1000,13.5,5,Yes,13.03
Honda,2020,82231,Petrol,Manual,First,Chennai,2200,17.5,7,No,15.85
Maruti,2017,73388,Diesel,Automatic,Third,Hyderabad,1000,18.1,5,Yes,10.31
Maruti,2022,21014,Petrol,Automatic,Third,Hyderabad,2200,20.8,5,Yes,16.27
Honda,2019,97578,Petrol,Automatic,Second,Mumbai,2500,11.3,4,Yes,15.11
Kia,2013,169827,Petrol,Automatic,Second,Delhi,1600,14.1,5,No,9.89
Mahindra,2023,45390,Diesel,Automatic,Second,Pune,2200,26.8,5,Yes,17.53
Kia,2024,28711,Diesel,Automatic,First,Bangalore,2200,26.4,7,Yes,20.16
Kia,2020,96658,Petrol,Automatic,First,Chennai,1200,24.1,5,Yes,13.67
Kia,2016,62993,CNG,Automatic,Second,Bangalore,800,10.3,5,Yes,11.27
Honda,2018,163285,Diesel,Manual,Second,Bangalore,800,15.9,5,Yes,9.92
Kia,2021,12421,CNG,Manual,First,Chennai,1200,21.3,5,Yes,15.71
Ford,2024,22727,Diesel,Manual,Third,Chennai,1500,15.0,5,Yes,15.49
Hyundai,2012,117418,Diesel,Manual,First,Hyderabad,1200,26.4,5,Yes,9.99
Tata,2021,9358,Petrol,Manual,First,Bangalore,2200,21.4,5,Yes,16.24
Maruti,2016,70108,Petrol,Manual,Second,Pune,2200,11.3,4,Yes,11.27
Maruti,2023,99018,Electric,Automatic,First,Pune,1200,26.4,5,No,16.18
Tata,2025,129457,Petrol,Automatic,First,Mumbai,1200,27.2,4,No,15.83
Honda,2021,168189,Electric,Automatic,First,Chennai,1500,11.4,5,Yes,15.68
Toyota,2025,36910,Diesel,Manual,Second,Hyderabad,1000,19.6,5,Yes,15.57
Honda,2013,131888,Petrol,Manual,First,Pune,1600,15.5,7,Yes,12.01
Maruti,2023,60754,Petrol,Manual,Second,Delhi,1800,17.1,5,Yes,13.16
Maruti,2017,114847,Petrol,Manual,First,Hyderabad,2200,13.2,5,Yes,11.99
Tata,2022,165443,CNG,Manual,First,Hyderabad,1600,20.4,5,Yes,12.38
Kia,2012,43467,Petrol,Manual,Third,Pune,1200,27.2,4,Yes,9.0
Honda,2014,153697,Petrol,Automatic,First,Delhi,1500,19.1,7,No,9.99
Volkswagen,2016,38893,Petrol,Automatic,Third,Mumbai,1400,11.5,4,Yes,11.82
Tata,2015,81329,Petrol,Manual,First,Pune,1500,21.2,7,Yes,13.97
Ford,2014,36007,Diesel,Manual,Third,Delhi,2000,16.1,7,Yes,13.11
Maruti,2021,175604,Petrol,Manual,First,Hyderabad,2000,25.4,5,No,12.17
Tata,2024,59253,CNG,Manual,First,Delhi,1600,17.8,5,Yes,14.54
Honda,2016,17323,Petrol,Automatic,First,Hyderabad,800,13.5,5,Yes,11.69
Maruti,2022,116335,Petrol,Manual,First,Pune,2000,13.4,5,Yes,12.96
Toyota,2019,117356,Petrol,Manual,First,Chennai,2000,23.8,5,Yes,15.82
Tata,2022,115944,Petrol,Manual,First,Pune,1000,14.8,4,Yes,11.99
Mahindra,2015,150282,Electric,Manual,First,Bangalore,1400,23.8,4,Yes,11.89
Maruti,2012,21456,Diesel,Manual,First,Bangalore,1000,13.7,5,Yes,10.52
Honda,2022,36367,Petrol,Automatic,First,Bangalore,1400,15.8,5,Yes,16.65
Hyundai,2018,59624,Diesel,Manual,Second,Pune,2500,18.4,7,Yes,17.55
Volkswagen,2019,146178,Petrol,Manual,First,Mumbai,1800,27.0,5,No,15.84
Renault,2014,73008,Petrol,Manual,Second,Pune,2200,26.8,7,Yes,12.79
Kia,2017,130926,Electric,Manual,Second,Chennai,2000,13.7,5,Yes,16.98
Renault,2013,120395,Diesel,Automatic,Second,Delhi,2200,16.4,5,Yes,12.5
Honda,2018,121492,Electric,Manual,First,Pune,2000,12.7,5,Yes,15.4
Ford,2019,77240,Petrol,Manual,Second,Pune,1000,19.2,5,Yes,11.41
Ford,2017,69315,Diesel,Manual,Third,Hyderabad,1800,18.3,5,Yes,12.07
Hyundai,2017,15756,Petrol,Manual,Second,Hyderabad,1000,26.2,5,No,11.63
Kia,2016,41378,Petrol,Manual,First,Hyderabad,1000,26.7,7,No,11.36
Mahindra,2019,140327,CNG,Manual,Second,Pune,1400,16.9,5,Yes,11.02
Hyundai,2012,150556,Petrol,Manual,Second,Mumbai,800,18.9,5,Yes,8.43
Renault,2021,130703,Diesel,Automatic,First,Delhi,1500,26.1,7,Yes,15.5
Hyundai,2015,61549,Diesel,Manual,First,Delhi,1600,24.5,6,Yes,13.64
Renault,2015,170575,Petrol,Automatic,First,Chennai,2200,10.1,5,Yes,12.6
Maruti,2014,78794,Diesel,Manual,Second,Mumbai,2500,15.8,5,Yes,14.15
Ford,2014,50113,Diesel,Automatic,First,Mumbai,2000,17.6,7,No,13.52
Maruti,2015,79069,Petrol,Automatic,Second,Delhi,1000,14.1,5,Yes,10.41
Volkswagen,2022,141321,CNG,Manual,First,Bangalore,800,13.6,5,No,11.08
Kia,2012,155273,Diesel,Automatic,First,Hyderabad,1000,10.7,5,No,9.63
Mahindra,2025,130541,Petrol,Manual,First,Hyderabad,1800,21.6,7,Yes,16.47
Renault,2022,14686,Diesel,Automatic,First,Delhi,1400,14.7,4,Yes,14.09
Mahindra,2024,58363,Electric,Manual,Third,Mumbai,2500,10.9,7,Yes,17.45
Renault,2022,102543,Petrol,Manual,Second,Chennai,1500,14.2,5,Yes,10.71
Honda,2013,136733,Diesel,Manual,Second,Bangalore,1800,24.4,7,Yes,12.39
Hyundai,2020,100673,Petrol,Automatic,First,Delhi,1200,25.3,5,Yes,14.74
Volkswagen,2021,47828,Diesel,Manual,Second,Hyderabad,2500,18.7,5,No,16.46
Ford,2013,53604,Diesel,Manual,First,Pune,1000,17.5,7,Yes,10.3
Renault,2016,15526,Petrol,Automatic,First,Mumbai,1800,27.6,5,Yes,14.41
Mahindra,2020,73910,Petrol,Automatic,First,Pune,1500,13.6,5,No,12.02
Volkswagen,2020,30592,Diesel,Manual,Second,Chennai,800,13.9,4,Yes,10.95
Toyota,2019,33982,Petrol,Manual,Second,Delhi,800,15.3,4,Yes,11.82
Toyota,2012,5207,Diesel,Manual,Third,Hyderabad,2200,13.1,5,Yes,12.35
Maruti,2012,93733,Petrol,Manual,First,Bangalore,1500,16.8,5,Yes,10.76
Ford,2020,129982,CNG,Manual,Second,Pune,800,26.4,5,No,10.76
Honda,2024,73619,Diesel,Automatic,First,Bangalore,1800,21.1,5,Yes,17.81
Mahindra,2022,165400,CNG,Manual,First,Chennai,2200,17.4,5,Yes,14.28
Hyundai,2019,51479,Petrol,Automatic,First,Hyderabad,800,26.8,5,Yes,13.68
Hyundai,2021,156175,Diesel,Manual,First,Pune,2500,10.9,6,Yes,16.1
Mahindra,2020,175963,Diesel,Manual,First,Chennai,1400,13.8,5,Yes,12.12
Kia,2018,146826,Petrol,Manual,First,Bangalore,1200,20.2,4,No,11.18
Honda,2014,86437,Petrol,Manual,Second,Bangalore,1500,21.1,7,Yes,11.87
Volkswagen,2014,103540,Petrol,Automatic,Second,Pune,1800,10.7,5,Yes,12.39
Renault,2013,77982,Diesel,Automatic,First,Hyderabad,2000,17.3,7,Yes,13.9
Kia,2016,107747,Diesel,Manual,Third,Bangalore,1000,21.7,7,Yes,11.02
Renault,2023,53231,Petrol,Automatic,First,Delhi,1800,22.6,7,Yes,16.67
Renault,2023,34301,Diesel,Automatic,First,Chennai,800,21.5,5,No,13.76
Kia,2014,177395,Petrol,Manual,Second,Pune,1800,15.8,7,Yes,10.52
Maruti,2025,23752,Petrol,Automatic,First,Mumbai,2000,11.7,7,Yes,17.79
Toyota,2017,103452,Electric,Manual,First,Mumbai,1000,17.7,5,Yes,15.22
Renault,2013,149467,Electric,Manual,First,Hyderabad,2200,12.3,5,Yes,14.45
Kia,2023,126237,Diesel,Automatic,First,Delhi,800,27.1,5,Yes,13.57
Kia,2014,61273,Petrol,Manual,Second,Bangalore,1600,18.6,5,Yes,12.52
Tata,2016,96878,Diesel,Manual,First,Mumbai,800,15.7,5,Yes,10.02
Maruti,2023,9895,Diesel,Automatic,First,Hyderabad,1200,23.8,5,No,15.99
Ford,2022,124968,Petrol,Manual,First,Chennai,1600,19.0,5,Yes,12.9
Tata,2022,120700,Diesel,Manual,Second,Delhi,1200,15.6,5,Yes,12.41
Tata,2012,81559,Diesel,Automatic,First,Delhi,2000,24.6,5,Yes,14.14
Mahindra,2024,15699,Diesel,Manual,Second,Hyderabad,1500,25.6,5,Yes,14.46
Toyota,2012,14715,Petrol,Manual,First,Hyderabad,1000,22.1,7,No,12.28
Kia,2021,24169,Diesel,Automatic,First,Bangalore,1400,10.8,5,No,16.03
Toyota,2020,123413,CNG,Manual,First,Hyderabad,2200,20.2,5,Yes,15.76
Honda,2018,152235,Petrol,Manual,First,Bangalore,1400,23.7,5,No,13.08
Mahindra,2012,124264,Diesel,Automatic,First,Bangalore,2500,12.5,5,No,13.01
Ford,2023,10782,CNG,Automatic,First,Pune,2500,14.1,6,No,19.1
Toyota,2025,129481,Petrol,Manual,Second,Delhi,2000,25.9,7,Yes,15.4
Hyundai,2019,40585,Petrol,Automatic,First,Chennai,1500,10.4,5,Yes,15.57
Renault,2014,35682,Diesel,Automatic,Second,Delhi,2500,23.5,7,Yes,17.34
Honda,2019,134992,Diesel,Manual,First,Delhi,800,18.5,4,No,10.72
Maruti,2016,89416,Diesel,Manual,First,Pune,1800,18.0,5,Yes,11.17
Ford,2012,132810,Petrol,Manual,First,Bangalore,1200,10.1,4,Yes,8.49
Honda,2018,43067,Electric,Automatic,Second,Bangalore,2500,24.7,7,Yes,18.97
Renault,2016,178757,Petrol,Manual,First,Hyderabad,2000,16.5,5,Yes,11.81
Mahindra,2017,23073,Petrol,Manual,First,Pune,1200,19.7,5,Yes,12.33
Renault,2017,41035,Diesel,Automatic,First,Hyderabad,800,22.2,7,No,12.13
Tata,2019,95373,Petrol,Automatic,First,Pune,1500,22.6,5,Yes,14.75
Renault,2020,88362,Petrol,Manual,First,Hyderabad,1000,27.2,4,No,12.07
Tata,2013,95517,Petrol,Manual,First,Mumbai,1400,19.6,7,Yes,11.92
Mahindra,2020,70450,Petrol,Manual,First,Delhi,800,17.2,5,Yes,11.2
Volkswagen,2023,15382,Petrol,Manual,First,Delhi,2200,27.2,5,Yes,16.68
Tata,2022,140509,Electric,Manual,Second,Chennai,1600,21.6,5,Yes,16.12
Maruti,2021,66929,Petrol,Automatic,First,Bangalore,2000,15.4,5,Yes,14.99
Renault,2020,103864,Diesel,Manual,First,Chennai,1400,12.3,4,Yes,11.04
Renault,2024,148401,Diesel,Manual,First,Mumbai,2200,25.2,5,Yes,17.36
Maruti,2021,30169,CNG,Automatic,Second,Chennai,1000,16.5,4,Yes,14.27
Hyundai,2021,92468,Petrol,Manual,First,Delhi,2200,21.9,5,Yes,15.29
Kia,2018,39594,CNG,Manual,First,Bangalore,1500,18.5,7,Yes,16.1
Volkswagen,2012,50033,Diesel,Manual,First,Mumbai,1600,13.6,7,Yes,12.76
Ford,2018,68133,Diesel,Manual,First,Delhi,1200,20.8,5,Yes,12.56
Tata,2021,78861,Diesel,Automatic,First,Hyderabad,1400,11.1,5,Yes,13.72
Maruti,2016,36750,Diesel,Manual,Second,Pune,1600,17.4,7,Yes,14.24
Mahindra,2017,45461,Petrol,Manual,Second,Mumbai,1800,19.8,5,Yes,12.01
Tata,2021,83222,Diesel,Manual,First,Bangalore,800,17.8,5,Yes,12.79
Kia,2018,117020,Diesel,Automatic,First,Chennai,1800,23.5,7,Yes,15.55
Mahindra,2025,29226,Diesel,Manual,First,Chennai,800,24.9,7,Yes,14.93
Honda,2016,11721,Electric,Manual,First,Mumbai,1500,23.9,6,Yes,17.38
Renault,2018,25609,Petrol,Manual,First,Bangalore,1600,10.7,6,Yes,12.51
Honda,2020,135513,Electric,Manual,First,Mumbai,1000,13.5,5,Yes,13.59
Tata,2014,109211,Petrol,Manual,Second,Bangalore,2500,19.7,5,Yes,13.66
Kia,2019,141728,Petrol,Manual,First,Chennai,2200,26.8,5,Yes,16.16
Volkswagen,2013,129865,Petrol,Manual,First,Delhi,2500,25.0,5,Yes,14.33
Tata,2022,79520,Petrol,Manual,First,Hyderabad,1600,25.2,5,Yes,13.94
Maruti,2018,69309,Diesel,Automatic,First,Delhi,1800,15.5,7,Yes,14.72
Toyota,2024,34984,Petrol,Manual,First,Hyderabad,2500,17.7,7,Yes,19.25
Tata,2013,123947,Petrol,Manual,Second,Chennai,2000,18.5,5,No,10.77
Renault,2025,10901,Electric,Manual,First,Delhi,2500,12.8,7,No,19.31
Renault,2015,167624,Diesel,Automatic,Second,Delhi,800,10.6,7,Yes,10.17
Tata,2018,36055,Diesel,Manual,Second,Mumbai,2000,27.0,5,Yes,15.02
Mahindra,2014,173757,CNG,Automatic,Second,Pune,1400,14.3,5,Yes,8.63
Toyota,2013,150788,Diesel,Automatic,First,Chennai,2500,14.3,5,Yes,14.26
Maruti,2022,119099,Petrol,Manual,First,Bangalore,2000,11.5,5,Yes,13.19
Tata,2021,16138,Petrol,Automatic,First,Chennai,1600,26.7,5,Yes,15.96
Mahindra,2018,171370,Diesel,Manual,First,Bangalore,2200,20.4,5,Yes,15.31
Renault,2012,28429,Petrol,Manual,First,Bangalore,1400,22.0,5,Yes,11.11
Renault,2025,55200,Diesel,Automatic,Second,Hyderabad,1000,26.4,5,No,14.14
Kia,2019,106268,Petrol,Automatic,First,Bangalore,1000,16.2,7,Yes,13.34
Tata,2014,22347,Petrol,Manual,First,Bangalore,1500,21.2,5,No,11.34
Toyota,2023,152992,Diesel,Manual,First,Mumbai,2500,10.7,6,No,17.1
Hyundai,2023,36822,Diesel,Manual,First,Delhi,2200,13.4,5,Yes,17.11
Toyota,2024,45108,Diesel,Automatic,First,Chennai,1200,25.0,5,Yes,18.37
Renault,2013,133955,Diesel,Manual,Second,Chennai,2000,23.8,7,Yes,12.4
Renault,2014,12967,Petrol,Manual,Second,Bangalore,1400,16.3,5,Yes,12.0
Honda,2016,115719,Petrol,Manual,Second,Pune,1600,16.8,5,Yes,12.26
Renault,2022,16871,CNG,Manual,Second,Chennai,2500,19.6,7,Yes,16.65
Maruti,2019,169685,Diesel,Automatic,Second,Bangalore,1600,10.0,5,Yes,13.77
Ford,2021,33179,Petrol,Manual,First,Hyderabad,1200,14.3,5,Yes,13.29
Tata,2018,60099,CNG,Automatic,Second,Hyderabad,1500,13.7,4,Yes,11.93
Toyota,2018,40262,Petrol,Manual,First,Hyderabad,1200,14.5,7,Yes,15.02
Ford,2023,83213,Petrol,Automatic,First,Bangalore,800,24.5,5,Yes,15.54
Mahindra,2018,122407,Petrol,Manual,Second,Mumbai,1800,15.0,5,Yes,11.62
Hyundai,2019,154340,Diesel,Manual,First,Pune,1400,13.4,5,Yes,11.56
Maruti,2012,91269,Diesel,Manual,First,Bangalore,1800,19.1,5,Yes,11.39
Toyota,2015,65545,Petrol,Manual,First,Mumbai,1200,25.6,7,Yes,13.89
Ford,2024,44922,CNG,Manual,First,Mumbai,1500,14.3,5,Yes,15.92
Hyundai,2017,47913,Petrol,Automatic,Second,Chennai,1500,11.4,5,No,12.44
Honda,2020,102033,Petrol,Manual,First,Bangalore,1000,16.4,5,Yes,12.13
Maruti,2024,109792,Petrol,Manual,First,Bangalore,2500,23.5,7,Yes,18.45
Maruti,2013,124863,Petrol,Manual,First,Mumbai,1000,19.9,5,Yes,8.56
Honda,2012,161104,Petrol,Manual,First,Mumbai,1400,24.7,7,No,11.57
Tata,2024,173918,Diesel,Manual,Second,Mumbai,1400,27.3,7,Yes,14.21
Honda,2021,49936,CNG,Automatic,First,Chennai,1400,24.3,5,Yes,16.27
Maruti,2023,165866,Diesel,Automatic,First,Bangalore,1600,20.9,5,Yes,14.71
Maruti,2025,33141,Petrol,Manual,Second,Mumbai,1000,18.9,5,Yes,13.03
Ford,2013,145146,Petrol,Manual,Third,Hyderabad,1600,10.7,7,Yes,8.93
Renault,2018,142478,Petrol,Manual,Second,Bangalore,1800,27.7,5,Yes,13.4
Hyundai,2014,102359,Petrol,Manual,Second,Chennai,2500,16.9,5,No,11.73
Honda,2021,128279,Diesel,Manual,First,Hyderabad,1200,12.7,7,Yes,13.06
Hyundai,2013,159363,Petrol,Automatic,First,Delhi,2000,22.0,5,Yes,14.16
Honda,2025,46568,Diesel,Manual,First,Bangalore,1000,15.1,5,Yes,15.69
Mahindra,2022,102539,CNG,Manual,Second,Delhi,2000,20.5,5,Yes,12.5
Maruti,2018,51851,Petrol,Automatic,First,Mumbai,1500,20.6,5,No,12.74
Renault,2024,59823,Diesel,Manual,First,Chennai,1000,18.0,7,Yes,13.01
Ford,2024,28312,Diesel,Automatic,First,Mumbai,1800,25.1,5,Yes,17.35
Renault,2013,179180,Diesel,Manual,First,Chennai,1000,14.8,5,Yes,6.04
Renault,2014,170243,Diesel,Manual,First,Pune,1600,18.1,7,No,10.94
Renault,2022,177851,Petrol,Automatic,Third,Mumbai,2500,19.7,5,Yes,13.68
Hyundai,2018,103723,Petrol,Automatic,First,Delhi,1200,21.9,7,Yes,13.48
Honda,2025,17411,Petrol,Automatic,Second,Chennai,2200,24.1,7,Yes,18.08
Volkswagen,2015,62009,Petrol,Manual,Second,Mumbai,1200,17.1,5,Yes,10.85
Mahindra,2024,151494,Diesel,Automatic,First,Bangalore,1200,21.6,4,No,13.47
Toyota,2025,178540,Petrol,Manual,First,Chennai,1500,12.7,6,Yes,15.74
Renault,2012,37371,CNG,Automatic,First,Chennai,1800,26.8,5,Yes,14.62
Tata,2024,62022,Diesel,Manual,First,Mumbai,2000,16.9,5,Yes,16.98
Hyundai,2025,76229,Petrol,Automatic,Second,Pune,1800,23.1,6,Yes,16.38
Ford,2016,104071,Petrol,Automatic,First,Mumbai,2200,10.4,4,Yes,15.0
Toyota,2023,101774,CNG,Automatic,First,Delhi,1500,13.7,7,No,14.9
Volkswagen,2020,31715,Diesel,Manual,First,Delhi,2500,18.8,5,Yes,16.31
Tata,2019,32605,Diesel,Manual,Third,Chennai,1200,25.8,5,No,12.05
Volkswagen,2023,104853,Petrol,Automatic,Second,Chennai,1600,19.5,5,Yes,16.82
Toyota,2020,36174,Petrol,Manual,Second,Mumbai,1500,26.7,7,Yes,15.35
Renault,2021,146028,Petrol,Automatic,Second,Delhi,1400,18.7,5,Yes,12.38
Tata,2025,81373,Petrol,Manual,First,Delhi,1000,18.8,7,Yes,12.93
Volkswagen,2020,74252,Diesel,Manual,Second,Pune,1800,12.2,5,No,14.4
Ford,2018,75017,Diesel,Automatic,First,Bangalore,1500,24.4,5,No,15.18
Honda,2015,68037,Diesel,Manual,Second,Pune,1400,14.4,5,Yes,12.43
Maruti,2016,94818,CNG,Manual,Second,Hyderabad,2000,26.2,5,Yes,12.33
Honda,2012,11548,Diesel,Manual,First,Pune,2200,26.4,5,Yes,14.51
Toyota,2025,121981,Petrol,Manual,Second,Mumbai,2200,27.0,5,No,15.72
Hyundai,2012,159249,Petrol,Automatic,Second,Bangalore,1200,19.4,5,No,9.01
Maruti,2014,29022,Electric,Manual,First,Mumbai,1200,22.2,7,Yes,13.3
Mahindra,2024,111297,Petrol,Automatic,Second,Hyderabad,1500,24.0,5,Yes,13.73
Ford,2025,141614,Electric,Automatic,First,Bangalore,1500,12.4,7,Yes,17.46
Mahindra,2019,65428,Diesel,Manual,First,Chennai,2500,20.8,4,Yes,15.43
Tata,2025,158812,Petrol,Automatic,First,Delhi,1000,10.6,5,Yes,12.37
Maruti,2013,64353,Diesel,Manual,First,Pune,800,19.0,5,Yes,10.04
Mahindra,2015,118132,CNG,Manual,Third,Mumbai,2000,12.8,5,Yes,10.73
Mahindra,2013,21052,Diesel,Automatic,Second,Hyderabad,1200,13.3,5,Yes,11.1
Volkswagen,2025,105689,CNG,Manual,Second,Delhi,800,16.6,5,No,12.47
Honda,2016,136743,Electric,Manual,First,Pune,800,17.8,5,Yes,11.67
Volkswagen,2020,5163,Petrol,Manual,Second,Delhi,1000,21.2,6,Yes,13.33
Maruti,2012,46424,Petrol,Manual,First,Pune,1600,11.3,5,Yes,10.37
Maruti,2016,146706,Electric,Manual,Second,Chennai,1600,19.1,7,Yes,12.35
Toyota,2025,140870,Diesel,Automatic,First,Bangalore,1200,13.3,5,Yes,16.43
Volkswagen,2020,27420,Petrol,Manual,First,Delhi,1400,20.3,5,No,13.05
Kia,2012,125575,Petrol,Manual,Second,Delhi,1000,21.5,5,Yes,8.89
Honda,2020,34300,Diesel,Manual,First,Delhi,1000,20.0,5,Yes,14.78
Maruti,2019,94881,Electric,Manual,First,Bangalore,1800,23.3,5,Yes,16.61
Toyota,2015,15749,CNG,Manual,First,Hyderabad,800,16.0,5,Yes,11.78
Volkswagen,2023,109131,Diesel,Manual,First,Pune,1800,23.8,5,Yes,15.82
Honda,2022,161193,Petrol,Manual,First,Chennai,800,17.8,5,Yes,12.35
Volkswagen,2021,133563,Petrol,Manual,First,Delhi,1600,18.7,5,Yes,14.11
Mahindra,2016,42487,CNG,Manual,First,Bangalore,1200,21.7,5,Yes,11.41
Toyota,2024,169433,Petrol,Manual,First,Hyderabad,2000,10.3,5,Yes,14.39
Honda,2016,26223,Petrol,Automatic,Second,Pune,1600,21.8,7,Yes,13.05
Renault,2022,77930,Petrol,Automatic,First,Bangalore,1000,21.1,6,No,13.53
Tata,2023,150128,Diesel,Manual,Third,Chennai,2000,15.6,4,Yes,13.15
Tata,2017,33380,Electric,Automatic,Second,Chennai,1500,11.5,7,Yes,16.58
Honda,2018,31035,Petrol,Automatic,First,Pune,2000,11.6,7,Yes,16.36
Volkswagen,2019,35620,Petrol,Manual,Second,Delhi,2000,26.6,5,Yes,16.21
Toyota,2025,155949,Diesel,Manual,Second,Chennai,1600,22.4,5,Yes,15.02
Tata,2019,122360,Electric,Automatic,Third,Hyderabad,1000,12.3,7,Yes,14.27
Toyota,2022,58352,Petrol,Automatic,First,Bangalore,2000,16.4,5,Yes,16.79
Tata,2025,166983,Diesel,Manual,First,Hyderabad,1600,20.7,7,No,15.63
Mahindra,2024,168856,Petrol,Automatic,Second,Delhi,1600,25.0,5,Yes,13.15
Volkswagen,2013,8191,CNG,Manual,Second,Hyderabad,2000,10.8,5,Yes,12.77
Mahindra,2020,169232,Petrol,Automatic,Second,Hyderabad,800,14.3,5,No,8.19
Tata,2018,95536,Petrol,Automatic,First,Mumbai,1000,26.0,5,Yes,12.34
Renault,2015,109576,Diesel,Manual,Second,Hyderabad,2200,10.2,7,Yes,13.11
Renault,2015,8631,Diesel,Automatic,Third,Pune,2000,13.6,7,No,13.23
Mahindra,2022,142244,Petrol,Manual,First,Bangalore,1800,27.3,5,Yes,13.44
Renault,2019,47080,CNG,Manual,First,Mumbai,1800,21.0,4,Yes,14.48
Tata,2015,95353,Petrol,Automatic,First,Bangalore,1500,14.7,7,Yes,12.56
Honda,2024,156353,Diesel,Manual,Second,Bangalore,1000,11.2,5,Yes,11.97
Mahindra,2017,33671,Petrol,Manual,Second,Delhi,1600,10.5,5,Yes,11.57
Hyundai,2016,127811,Diesel,Manual,Second,Delhi,2500,14.4,5,No,15.26
Volkswagen,2014,132734,Petrol,Manual,First,Mumbai,1200,25.9,6,Yes,12.19
Renault,2024,164674,CNG,Manual,First,Chennai,1400,17.5,7,Yes,14.69
Renault,2025,56399,Diesel,Automatic,First,Delhi,2500,23.0,5,No,19.22
Maruti,2021,159544,Diesel,Manual,First,Delhi,1000,26.5,5,Yes,12.32
Kia,2022,12099,Diesel,Manual,Second,Delhi,1000,17.3,7,Yes,12.52
Mahindra,2013,161503,Diesel,Manual,Third,Bangalore,2000,13.4,5,Yes,9.41
Ford,2020,61492,Petrol,Automatic,Third,Mumbai,2000,19.3,5,Yes,14.08
Renault,2021,101722,Petrol,Automatic,Third,Bangalore,2500,26.3,5,Yes,14.21
Volkswagen,2020,35111,Electric,Automatic,First,Pune,1600,24.5,6,Yes,17.82
Hyundai,2012,68936,Petrol,Automatic,First,Bangalore,1500,11.2,5,No,9.13
Renault,2021,158686,Diesel,Automatic,Second,Pune,2000,22.5,5,No,14.45
Hyundai,2014,178063,Electric,Manual,Third,Hyderabad,1400,20.3,5,No,11.38
Tata,2019,65920,Petrol,Manual,First,Hyderabad,1400,26.3,5,No,13.74
Tata,2017,68530,Diesel,Manual,First,Pune,1500,12.2,5,Yes,12.74
Kia,2016,172296,Petrol,Automatic,First,Pune,800,19.6,5,Yes,9.71
Honda,2016,12788,Diesel,Automatic,First,Bangalore,800,25.8,5,No,11.84
Ford,2017,33082,Petrol,Manual,First,Pune,1000,17.4,5,Yes,10.09
Maruti,2018,128287,Petrol,Automatic,First,Mumbai,2000,18.7,4,No,12.01
Kia,2012,94570,Diesel,Automatic,First,Hyderabad,1800,11.3,5,Yes,11.96
Toyota,2020,106015,Diesel,Manual,First,Hyderabad,2500,15.0,7,Yes,17.41
Maruti,2014,88588,Diesel,Manual,Second,Chennai,2200,15.8,7,Yes,12.23
Mahindra,2015,152603,Diesel,Manual,First,Pune,1500,27.0,5,No,11.71
Volkswagen,2021,93340,Petrol,Manual,Second,Delhi,1000,15.1,7,Yes,12.18
Toyota,2012,99439,Diesel,Manual,Second,Delhi,1800,18.3,5,Yes,12.28
Toyota,2024,146214,Petrol,Manual,Second,Pune,2000,22.1,7,Yes,17.27
Kia,2022,120053,CNG,Manual,First,Mumbai,1800,12.9,5,Yes,13.35
Honda,2021,53355,CNG,Automatic,Third,Delhi,1800,18.8,5,Yes,15.48
Kia,2014,145938,Diesel,Automatic,First,Chennai,1500,23.3,4,Yes,12.54
Mahindra,2013,130426,Electric,Automatic,Third,Pune,1000,25.6,5,Yes,11.34
Renault,2013,69027,Petrol,Manual,Second,Mumbai,1600,21.3,7,Yes,12.0
Renault,2025,164210,Diesel,Manual,First,Mumbai,1400,22.0,5,Yes,14.85
Honda,2012,97601,Petrol,Automatic,First,Bangalore,2500,12.3,5,Yes,13.21
Mahindra,2019,34956,CNG,Manual,First,Mumbai,1000,27.0,5,Yes,12.73
Honda,2014,109797,Petrol,Manual,First,Delhi,2200,12.4,6,Yes,13.29
Hyundai,2014,129917,Diesel,Manual,First,Delhi,1800,23.9,5,No,11.87
Renault,2017,131303,CNG,Manual,First,Pune,1600,14.8,5,Yes,11.98
Toyota,2024,141511,Petrol,Manual,First,Pune,1500,26.8,7,Yes,16.36
Ford,2019,47533,Petrol,Manual,First,Mumbai,1200,23.0,4,Yes,14.03
Volkswagen,2024,164342,Diesel,Manual,First,Chennai,2500,23.6,5,Yes,16.28
Mahindra,2020,83815,Petrol,Manual,First,Hyderabad,2500,13.9,7,Yes,15.62
Maruti,2020,44279,Petrol,Manual,First,Bangalore,1400,18.0,5,Yes,12.14
Honda,2015,114787,Petrol,Manual,First,Hyderabad,1200,21.1,5,Yes,11.65
Volkswagen,2025,159960,Petrol,Manual,First,Mumbai,2000,23.9,5,Yes,14.66
Maruti,2016,153702,CNG,Manual,First,Mumbai,1200,11.9,7,Yes,10.56
Volkswagen,2013,66063,Diesel,Manual,Second,Hyderabad,1800,27.3,5,Yes,12.61
Ford,2022,132896,Petrol,Manual,First,Bangalore,1800,26.0,7,Yes,14.7
Maruti,2020,171216,Petrol,Manual,First,Hyderabad,1800,14.9,7,Yes,11.64
Kia,2019,102661,Petrol,Manual,First,Pune,1800,24.8,5,Yes,13.82
Tata,2014,143051,Petrol,Manual,Second,Delhi,1000,19.3,6,No,9.38
Kia,2022,162261,Petrol,Automatic,Second,Chennai,2500,18.3,5,Yes,16.05
Renault,2023,178672,Petrol,Manual,Second,Pune,1200,15.7,5,Yes,11.53
Tata,2024,128257,Petrol,Manual,Second,Delhi,2500,20.5,7,Yes,17.82
Kia,2020,91205,Diesel,Manual,First,Chennai,2200,23.1,7,No,16.72
Tata,2014,11910,Petrol,Manual,First,Chennai,1200,17.4,5,Yes,10.64
Tata,2020,51857,Diesel,Manual,First,Chennai,1000,21.3,5,Yes,13.42
Toyota,2013,39964,Diesel,Manual,Third,Mumbai,2200,22.6,5,Yes,13.51
Honda,2023,161299,Diesel,Automatic,Second,Chennai,2500,22.8,5,No,16.85
Honda,2021,142050,Diesel,Manual,Second,Bangalore,2200,10.9,5,No,12.93
Toyota,2020,22153,Diesel,Manual,First,Hyderabad,1400,25.5,4,No,15.93
Volkswagen,2019,64765,CNG,Manual,Second,Bangalore,2200,18.2,5,Yes,14.61
Hyundai,2020,113212,Diesel,Automatic,First,Hyderabad,1200,14.7,5,Yes,13.52
Volkswagen,2016,44071,Diesel,Manual,First,Pune,1800,14.4,5,Yes,13.07
Maruti,2022,117990,Diesel,Automatic,First,Pune,1800,18.7,7,Yes,16.43
Maruti,2022,74519,Diesel,Manual,First,Hyderabad,2000,26.0,7,No,15.68
Tata,2013,14503,Petrol,Automatic,First,Bangalore,2500,16.8,5,Yes,14.83
Kia,2019,100457,Petrol,Automatic,Second,Hyderabad,1400,23.5,5,Yes,14.22
Kia,2023,152977,Petrol,Manual,First,Chennai,1200,11.7,5,Yes,12.95
Honda,2017,50838,CNG,Manual,First,Mumbai,1200,18.6,5,Yes,12.66
Mahindra,2019,130200,Diesel,Manual,First,Pune,1500,27.9,5,Yes,12.05
Volkswagen,2022,94489,Electric,Manual,First,Mumbai,800,23.9,6,No,17.62
Renault,2016,31806,Diesel,Automatic,Second,Chennai,2500,13.8,4,Yes,16.4
Ford,2021,158240,Petrol,Manual,Second,Chennai,1200,19.0,5,Yes,11.88
Kia,2013,75119,Petrol,Manual,Second,Pune,1600,14.2,4,Yes,9.7
Ford,2017,43714,Diesel,Manual,Second,Pune,1200,17.4,5,Yes,11.88
Tata,2016,60419,Diesel,Automatic,Second,Chennai,1500,24.0,4,Yes,12.74
Ford,2023,110432,Electric,Manual,First,Delhi,2200,23.9,7,Yes,20.22
Renault,2024,97949,Petrol,Manual,Second,Mumbai,1000,14.1,5,Yes,11.9
Toyota,2023,138533,Diesel,Manual,First,Mumbai,1000,26.6,5,Yes,13.96
Renault,2016,150363,Diesel,Automatic,First,Delhi,1600,20.7,5,Yes,12.46
Ford,2024,81971,Diesel,Manual,First,Bangalore,1600,16.8,7,Yes,16.9
Renault,2012,98471,Diesel,Manual,Second,Mumbai,2000,19.0,5,No,12.32
Hyundai,2013,69946,Diesel,Manual,Second,Hyderabad,1000,20.9,5,No,10.88
Tata,2019,103989,Petrol,Manual,First,Chennai,2200,20.1,7,No,15.21
Volkswagen,2024,89080,Diesel,Manual,Second,Chennai,1000,18.8,5,Yes,13.47
Toyota,2025,82794,Diesel,Automatic,Second,Delhi,800,19.1,5,No,12.2
Kia,2024,35841,CNG,Automatic,First,Mumbai,2500,13.2,5,No,18.55
Maruti,2014,129447,CNG,Manual,First,Bangalore,1000,24.6,5,No,9.35
Volkswagen,2021,125029,Petrol,Automatic,Second,Mumbai,1800,19.8,5,Yes,14.78
Maruti,2014,81272,Petrol,Manual,First,Chennai,2000,12.4,5,Yes,11.6
Tata,2019,42643,Electric,Automatic,Second,Pune,1500,23.8,5,No,15.02
Toyota,2019,48950,Diesel,Automatic,First,Hyderabad,1600,26.8,5,Yes,17.34
Honda,2013,105500,CNG,Manual,First,Delhi,800,27.1,4,Yes,10.58
Kia,2019,164116,Petrol,Automatic,Second,Pune,1600,16.6,5,No,12.84
Hyundai,2022,130588,Diesel,Manual,Second,Bangalore,2000,12.4,5,Yes,14.78
Honda,2024,20997,Diesel,Manual,Second,Pune,1200,19.3,7,Yes,16.32
Tata,2024,84751,Electric,Manual,Second,Pune,800,12.0,5,Yes,13.55
Volkswagen,2012,103605,Petrol,Manual,Second,Bangalore,1400,26.8,5,No,10.14
Hyundai,2017,159983,Diesel,Automatic,Second,Pune,800,13.3,5,Yes,10.22
Renault,2019,60533,Diesel,Automatic,First,Delhi,2000,14.5,5,Yes,15.46
Ford,2014,87566,Petrol,Manual,First,Chennai,1500,17.3,4,Yes,11.57
Hyundai,2019,150643,Diesel,Automatic,First,Mumbai,800,16.9,5,No,11.9
Tata,2023,113255,Diesel,Automatic,Second,Pune,2000,24.3,5,Yes,18.07
Mahindra,2012,63005,Electric,Manual,First,Delhi,2200,18.2,5,No,16.17
Ford,2022,48541,Diesel,Manual,First,Mumbai,2500,13.1,7,No,17.38
Maruti,2022,28387,Petrol,Manual,First,Mumbai,1000,14.8,4,Yes,9.02
Kia,2020,98980,Petrol,Automatic,Second,Pune,2200,19.2,5,Yes,16.5
Maruti,2024,90457,Petrol,Automatic,Second,Delhi,2000,12.7,5,Yes,14.64
Hyundai,2022,149129,Petrol,Manual,First,Chennai,1800,21.0,5,Yes,13.25
Maruti,2024,69028,Diesel,Automatic,Second,Pune,1200,20.2,5,Yes,14.31
Tata,2020,124246,Petrol,Manual,First,Bangalore,1000,22.9,5,No,10.84
Renault,2016,60731,Electric,Manual,First,Mumbai,1800,26.9,5,No,15.79
Volkswagen,2021,160930,Electric,Manual,Second,Pune,1500,26.4,6,Yes,14.61
Kia,2015,49638,Diesel,Manual,First,Mumbai,1600,27.0,7,Yes,13.76
Maruti,2022,25567,CNG,Manual,Third,Delhi,1400,14.4,5,Yes,12.72
Maruti,2017,165811,Diesel,Manual,First,Hyderabad,1000,12.4,5,Yes,10.2
Hyundai,2023,62804,Diesel,Manual,First,Pune,2200,15.4,7,Yes,17.71
Volkswagen,2018,113821,Petrol,Manual,Second,Chennai,1200,26.1,5,No,10.81
Honda,2016,8754,Petrol,Manual,First,Pune,1800,27.5,5,No,13.59
Maruti,2022,32044,Diesel,Automatic,Third,Mumbai,2000,25.5,5,Yes,15.75
Tata,2024,72260,CNG,Manual,Third,Delhi,1000,12.0,5,No,11.42
Mahindra,2021,71912,Diesel,Automatic,First,Bangalore,1600,27.1,5,Yes,17.17
Kia,2020,13706,CNG,Manual,First,Chennai,2000,17.6,5,Yes,14.17
Maruti,2014,13894,Diesel,Manual,First,Delhi,1800,10.2,5,Yes,12.21
Tata,2018,154109,Petrol,Automatic,First,Pune,1200,18.0,5,Yes,10.64
Tata,2021,88986,Electric,Manual,First,Bangalore,800,10.8,7,No,12.35
Kia,2021,86942,Diesel,Manual,First,Delhi,1600,19.8,5,Yes,15.59
Honda,2022,34725,Petrol,Automatic,First,Hyderabad,2000,16.1,5,Yes,17.41
Tata,2016,141998,Diesel,Manual,First,Chennai,1600,18.5,5,Yes,12.32
Mahindra,2025,109555,Petrol,Manual,Third,Mumbai,1500,21.0,6,Yes,14.16
Tata,2018,14496,Diesel,Manual,Second,Delhi,2000,25.6,7,Yes,15.41
Tata,2013,61447,Diesel,Manual,Second,Delhi,1000,21.9,5,Yes,9.79
Tata,2015,106604,Petrol,Manual,First,Hyderabad,800,17.8,5,Yes,11.05
Renault,2013,165878,Electric,Manual,Second,Pune,800,24.7,6,Yes,10.36
Renault,2025,93199,Diesel,Automatic,First,Chennai,1400,26.3,5,Yes,16.93
Honda,2024,46321,Petrol,Automatic,Second,Chennai,1600,12.2,4,Yes,15.22
Maruti,2024,158728,Petrol,Automatic,Third,Mumbai,2200,19.6,5,Yes,13.12
Tata,2023,60147,CNG,Manual,First,Delhi,800,15.1,5,Yes,10.87
Volkswagen,2018,96396,Petrol,Automatic,Second,Bangalore,800,10.8,5,No,9.96
Maruti,2013,43787,Petrol,Manual,Second,Delhi,1500,22.0,5,Yes,11.45
Honda,2024,26727,Petrol,Automatic,Second,Mumbai,2500,25.5,5,Yes,19.74
Toyota,2025,100081,Petrol,Automatic,Second,Delhi,1500,12.9,7,Yes,16.97
Maruti,2022,127721,Diesel,Automatic,First,Hyderabad,1500,24.6,7,Yes,14.9
Maruti,2012,73056,Diesel,Manual,First,Delhi,2500,25.4,7,Yes,16.0
Ford,2020,139153,Petrol,Manual,First,Delhi,1600,26.5,7,Yes,13.34
Hyundai,2012,170268,Diesel,Manual,Second,Bangalore,2000,14.8,4,Yes,10.36
Ford,2019,172807,Petrol,Automatic,First,Hyderabad,1200,26.3,5,Yes,12.66
Mahindra,2013,85102,Electric,Manual,Second,Hyderabad,2200,15.8,5,Yes,13.92
Renault,2023,161570,Electric,Automatic,First,Delhi,800,19.9,7,Yes,16.44
Renault,2019,81865,Petrol,Manual,First,Chennai,1400,10.9,5,Yes,11.07
Hyundai,2024,167728,CNG,Manual,First,Bangalore,2200,10.8,7,Yes,14.41
Kia,2014,72695,Diesel,Manual,Second,Delhi,2000,23.0,5,Yes,13.42
Kia,2017,173972,Petrol,Manual,First,Delhi,2500,18.0,7,Yes,14.28
Honda,2014,122235,Petrol,Manual,First,Mumbai,2200,14.6,5,Yes,15.44
Hyundai,2025,113777,Petrol,Manual,First,Mumbai,800,13.4,5,Yes,12.71
Maruti,2018,24033,Diesel,Automatic,First,Chennai,2200,22.1,7,Yes,16.87
Kia,2021,146877,Electric,Manual,First,Bangalore,1200,10.0,4,Yes,12.92
Tata,2020,171923,Diesel,Manual,Second,Pune,2500,24.5,7,No,13.8
Volkswagen,2013,31832,CNG,Automatic,First,Mumbai,2200,11.4,4,Yes,13.28
Maruti,2023,120725,Diesel,Automatic,First,Pune,800,13.4,5,Yes,12.84
Mahindra,2023,150016,CNG,Automatic,Second,Hyderabad,800,17.0,5,Yes,13.02
Tata,2025,24873,Diesel,Manual,Third,Mumbai,2200,18.7,5,Yes,17.35
Tata,2016,45372,Petrol,Automatic,First,Mumbai,1600,16.4,5,Yes,13.43
Hyundai,2024,94464,Diesel,Automatic,First,Bangalore,1400,15.8,5,Yes,15.21
Honda,2017,151451,Diesel,Manual,Second,Chennai,1800,27.4,5,Yes,13.69
Mahindra,2015,122322,Petrol,Manual,Third,Pune,1500,21.5,4,Yes,9.0
Kia,2015,172823,Diesel,Manual,Second,Mumbai,2500,10.4,5,Yes,14.14
Hyundai,2015,105082,Petrol,Manual,First,Mumbai,1800,17.7,5,Yes,11.76
Kia,2013,10110,Diesel,Automatic,First,Bangalore,2000,25.8,6,Yes,15.94
Hyundai,2015,17087,Diesel,Manual,Second,Bangalore,2000,15.4,5,Yes,11.61
Hyundai,2022,159834,Petrol,Automatic,First,Chennai,800,11.7,5,Yes,11.36
Hyundai,2012,87617,Petrol,Manual,First,Pune,2000,23.7,5,Yes,12.81
Honda,2023,105483,Petrol,Manual,Second,Hyderabad,1600,20.9,4,Yes,13.02
Hyundai,2017,14596,CNG,Manual,Second,Chennai,1400,20.3,5,Yes,11.95
Toyota,2012,112539,Petrol,Manual,First,Hyderabad,2000,11.0,7,No,12.86
Volkswagen,2021,23313,CNG,Automatic,Second,Delhi,1200,12.5,7,Yes,13.62
Kia,2017,118175,Petrol,Automatic,First,Mumbai,1400,21.2,5,Yes,13.92
Maruti,2012,119914,Electric,Manual,First,Pune,1600,13.7,5,No,11.23
Ford,2017,28705,Electric,Manual,Second,Chennai,1800,19.1,7,Yes,15.97
Mahindra,2021,78445,Diesel,Manual,First,Mumbai,1400,19.8,5,Yes,12.92
Renault,2019,108892,Diesel,Manual,First,Pune,1400,15.1,4,No,11.89
Honda,2022,7023,Diesel,Manual,Third,Pune,1800,27.1,4,Yes,17.7
Maruti,2013,124654,Diesel,Manual,First,Pune,1600,25.2,5,Yes,12.07
Tata,2013,85073,Petrol,Manual,First,Mumbai,2000,23.0,7,Yes,12.35
Toyota,2025,97197,Petrol,Automatic,Third,Chennai,800,11.4,5,Yes,13.91
Renault,2024,69429,Petrol,Manual,Second,Bangalore,2500,11.9,4,Yes,15.01
Ford,2023,109195,Petrol,Manual,Second,Mumbai,1800,18.9,5,Yes,15.12
Maruti,2015,38848,Petrol,Manual,Second,Pune,1800,12.9,7,No,12.27
Renault,2022,173876,Diesel,Manual,First,Chennai,1800,27.6,7,No,12.47
Maruti,2014,151451,Electric,Manual,Second,Delhi,1800,12.9,5,No,10.95
Toyota,2015,32766,Petrol,Automatic,First,Hyderabad,2500,18.8,5,No,17.08
Ford,2024,73099,Diesel,Automatic,Second,Pune,2500,16.6,4,No,17.41
Tata,2023,172132,Petrol,Manual,First,Delhi,2000,21.5,7,Yes,14.26
Hyundai,2018,74122,CNG,Manual,Second,Bangalore,2200,12.3,7,Yes,13.71
Kia,2024,152159,CNG,Manual,First,Pune,2200,17.7,5,Yes,14.41
Tata,2022,53868,CNG,Automatic,First,Delhi,1000,14.9,6,No,13.62
Hyundai,2012,124119,Electric,Manual,Second,Pune,1800,26.0,5,Yes,15.06
Honda,2017,159297,Petrol,Automatic,Second,Mumbai,1800,10.7,4,Yes,12.64
Volkswagen,2014,100286,CNG,Manual,Second,Chennai,1400,26.4,5,Yes,13.3
Mahindra,2022,11643,Diesel,Manual,First,Delhi,2200,25.0,5,Yes,18.07
Mahindra,2021,41727,Petrol,Automatic,First,Chennai,2000,15.4,5,Yes,16.53
Kia,2018,147077,Electric,Automatic,Second,Mumbai,800,24.2,5,Yes,15.27
Ford,2021,114079,Petrol,Manual,Second,Mumbai,1000,10.6,5,Yes,10.96
Toyota,2013,70697,Diesel,Manual,Second,Chennai,1000,27.4,5,Yes,11.51
Ford,2025,21029,Petrol,Manual,Third,Delhi,2000,19.5,5,Yes,16.39
Toyota,2013,150298,Petrol,Automatic,Second,Chennai,800,15.5,4,Yes,10.37
Ford,2024,164803,Diesel,Automatic,First,Chennai,1400,16.5,5,Yes,14.4
Volkswagen,2015,114458,Diesel,Manual,Second,Hyderabad,2500,11.2,5,Yes,13.06
Honda,2012,115384,Petrol,Automatic,Third,Delhi,1500,27.8,5,Yes,11.3
Honda,2014,73926,Petrol,Manual,First,Hyderabad,2200,10.7,7,No,13.97
Hyundai,2024,142069,CNG,Manual,Second,Pune,1800,21.8,6,Yes,15.37
Renault,2020,60506,Petrol,Manual,Second,Chennai,2000,18.0,7,Yes,13.23
Honda,2018,83229,Petrol,Manual,First,Pune,2200,27.1,5,Yes,17.02
Honda,2018,47092,CNG,Manual,First,Delhi,1800,14.4,5,Yes,13.69
Tata,2024,67539,CNG,Manual,First,Chennai,1500,19.6,5,No,14.24
Tata,2024,157889,Petrol,Manual,Third,Pune,1500,18.7,5,Yes,11.37
Hyundai,2022,173933,Diesel,Automatic,Second,Bangalore,2500,22.7,5,Yes,18.74
Renault,2015,18428,Diesel,Manual,First,Mumbai,1600,11.2,4,Yes,12.18
Kia,2013,146330,CNG,Manual,Third,Chennai,1500,13.5,7,No,8.71
Tata,2025,62775,Diesel,Manual,First,Mumbai,2200,13.9,5,Yes,17.61
Kia,2015,10469,Petrol,Automatic,First,Hyderabad,1200,23.3,7,Yes,14.71
Maruti,2017,33854,Petrol,Manual,Second,Pune,1200,13.4,7,Yes,11.12
Tata,2022,142328,Petrol,Manual,Second,Hyderabad,1800,20.3,5,No,13.49
Volkswagen,2022,81256,Diesel,Automatic,First,Chennai,1800,13.9,6,Yes,16.03
Renault,2014,170009,Petrol,Manual,First,Mumbai,1600,25.5,5,Yes,10.25
Hyundai,2012,104134,Diesel,Manual,First,Mumbai,1200,27.0,7,Yes,10.0
Maruti,2025,137723,Petrol,Automatic,First,Pune,1800,19.3,5,Yes,14.39
Renault,2023,89730,Petrol,Manual,First,Chennai,1500,16.3,7,Yes,15.64
Volkswagen,2019,161123,CNG,Manual,First,Bangalore,1800,14.2,5,Yes,14.36
Renault,2023,32386,Petrol,Manual,First,Bangalore,1000,10.9,7,Yes,13.26
Volkswagen,2024,152256,Petrol,Manual,First,Pune,1600,14.8,5,No,14.93
Volkswagen,2016,38787,Diesel,Manual,First,Chennai,2000,21.8,5,Yes,14.93
Kia,2016,26621,Petrol,Manual,First,Pune,800,19.6,7,Yes,11.73
Ford,2022,82984,Diesel,Manual,Second,Chennai,1400,27.0,7,Yes,15.11
Maruti,2015,39051,Diesel,Manual,Second,Hyderabad,800,17.1,5,Yes,9.76
Renault,2017,54811,Petrol,Automatic,First,Pune,800,22.5,5,No,11.17
Toyota,2014,35447,Diesel,Manual,First,Chennai,2500,18.8,5,Yes,16.98
Maruti,2020,133046,Diesel,Manual,First,Bangalore,2000,19.2,7,Yes,14.92
Ford,2016,166326,Petrol,Automatic,First,Chennai,1800,14.8,7,No,13.24
Maruti,2014,89045,Petrol,Manual,First,Chennai,2500,18.2,7,Yes,14.7
Honda,2022,121859,Petrol,Manual,First,Pune,800,18.5,4,No,11.68
Toyota,2012,150544,Electric,Automatic,First,Hyderabad,1000,22.7,5,Yes,12.63
Ford,2021,8471,Petrol,Manual,Second,Hyderabad,1400,26.9,5,No,12.75
Kia,2023,125312,Diesel,Manual,First,Hyderabad,800,15.9,7,Yes,13.51
Renault,2017,144401,Diesel,Automatic,First,Hyderabad,1200,10.8,4,Yes,10.94
Mahindra,2013,170937,Diesel,Manual,Second,Delhi,2000,18.9,7,No,11.35
Ford,2024,51850,Petrol,Manual,First,Pune,2000,19.8,5,Yes,16.19
Hyundai,2014,59220,Petrol,Manual,First,Mumbai,2000,13.0,5,Yes,14.34
Renault,2012,98808,Diesel,Manual,First,Pune,1600,23.7,5,No,9.95
Ford,2020,142469,Petrol,Manual,First,Delhi,1600,27.7,5,No,11.47
Honda,2019,171597,Petrol,Automatic,Second,Hyderabad,1500,27.0,5,Yes,13.66
Mahindra,2023,58072,Petrol,Manual,First,Delhi,2200,13.5,4,No,14.45
Honda,2013,88820,Petrol,Automatic,First,Bangalore,1400,25.8,5,Yes,12.97
Mahindra,2023,28284,CNG,Manual,First,Bangalore,2500,22.7,7,Yes,18.81
Hyundai,2022,88369,Petrol,Automatic,First,Pune,1800,18.2,5,No,16.02
Renault,2019,30122,Petrol,Automatic,Second,Pune,800,19.7,5,Yes,10.65
Kia,2023,135349,Petrol,Automatic,Second,Mumbai,2200,25.3,5,Yes,16.07
Honda,2025,75553,Diesel,Manual,First,Mumbai,1800,18.6,5,Yes,17.18
Honda,2020,99788,Diesel,Manual,First,Bangalore,2500,16.7,7,Yes,17.86
Volkswagen,2012,67812,Petrol,Manual,First,Hyderabad,2200,18.9,5,Yes,14.75
Mahindra,2024,12999,Diesel,Automatic,Second,Delhi,1800,20.4,7,No,18.08
Tata,2016,27436,Diesel,Automatic,First,Mumbai,1000,13.4,5,No,11.98
Renault,2019,47963,CNG,Manual,First,Chennai,1600,26.2,5,Yes,13.35
Mahindra,2022,138168,Diesel,Manual,First,Mumbai,2500,22.1,5,No,15.51
Volkswagen,2025,161351,Petrol,Manual,First,Hyderabad,1400,21.4,5,Yes,13.76
Maruti,2013,113899,Petrol,Manual,First,Hyderabad,1200,11.8,5,Yes,9.32
Mahindra,2015,31201,Petrol,Manual,First,Pune,1000,20.9,6,No,11.01
Kia,2018,155787,Petrol,Automatic,First,Delhi,1600,12.2,5,Yes,11.67
Renault,2014,165381,Electric,Automatic,First,Hyderabad,2000,11.4,5,Yes,13.72
Volkswagen,2024,151150,Petrol,Manual,First,Mumbai,1600,19.5,5,Yes,15.09
Maruti,2023,10105,Petrol,Manual,Second,Mumbai,2200,17.3,5,Yes,15.86
Toyota,2016,122666,Diesel,Manual,First,Bangalore,1500,20.6,5,No,13.36
Volkswagen,2019,99848,Diesel,Manual,First,Hyderabad,1000,11.6,5,Yes,12.28
Toyota,2023,7839,Petrol,Manual,Second,Chennai,2000,17.8,5,Yes,17.95
Renault,2021,73920,Petrol,Manual,First,Pune,2200,13.1,5,Yes,14.73
Honda,2014,48619,Petrol,Automatic,Second,Delhi,2500,27.8,5,Yes,15.52
Volkswagen,2015,47821,Diesel,Manual,Second,Chennai,1400,20.1,7,Yes,12.36
Hyundai,2025,130736,Petrol,Manual,First,Pune,1600,22.4,5,Yes,14.88
Toyota,2020,149565,Petrol,Automatic,Second,Mumbai,2500,15.9,5,No,13.73
Kia,2025,22069,Diesel,Automatic,First,Chennai,2000,11.7,7,No,18.38
Hyundai,2025,12531,Petrol,Manual,First,Pune,2200,27.6,5,Yes,17.85
Ford,2018,173123,Diesel,Manual,First,Mumbai,1500,15.2,5,Yes,10.82
Ford,2012,143808,Diesel,Manual,First,Mumbai,1600,17.6,5,Yes,10.04
Maruti,2025,143782,Petrol,Automatic,Second,Mumbai,1400,21.7,5,No,14.22
Honda,2023,72155,Electric,Automatic,Second,Mumbai,1500,10.4,5,No,16.82
Renault,2015,150047,Diesel,Automatic,Second,Mumbai,1800,24.6,7,Yes,13.51
Volkswagen,2015,67424,Petrol,Manual,Third,Bangalore,2200,19.7,6,Yes,13.32
Tata,2020,50603,Diesel,Automatic,Second,Chennai,2500,15.0,7,Yes,17.48
Kia,2017,159324,Diesel,Manual,First,Pune,1600,11.1,6,Yes,13.32
Toyota,2020,137503,Diesel,Manual,First,Bangalore,1600,12.9,5,Yes,14.14
Renault,2023,173553,Petrol,Manual,First,Bangalore,2000,26.1,5,Yes,13.36
Hyundai,2017,97573,Electric,Manual,First,Hyderabad,1400,22.3,7,Yes,16.52
Ford,2017,145629,Petrol,Manual,Second,Hyderabad,1200,14.5,7,Yes,10.81
Kia,2016,108302,Petrol,Automatic,First,Hyderabad,1800,11.2,5,Yes,12.6
Tata,2016,136234,Petrol,Automatic,First,Delhi,1500,22.4,7,Yes,12.08
Volkswagen,2013,170814,Petrol,Manual,First,Hyderabad,1000,20.3,5,Yes,9.51
Maruti,2019,24675,Diesel,Manual,First,Pune,1000,17.3,5,Yes,12.33
Tata,2019,78997,Petrol,Manual,First,Bangalore,1600,16.5,5,Yes,14.07
Kia,2022,153087,Petrol,Manual,First,Pune,2000,13.9,5,Yes,13.9
Tata,2024,168663,CNG,Manual,First,Chennai,800,22.1,4,Yes,11.06
Kia,2012,145905,Petrol,Automatic,First,Hyderabad,1600,27.5,5,Yes,12.87
Kia,2019,12896,Petrol,Manual,Second,Delhi,1000,13.2,5,Yes,12.48
Mahindra,2016,169044,Petrol,Manual,First,Chennai,1000,20.7,5,Yes,9.64
Toyota,2013,54733,Petrol,Manual,First,Delhi,1800,17.6,5,Yes,13.51
Ford,2025,46800,Petrol,Automatic,First,Chennai,2500,18.0,7,Yes,19.36
Mahindra,2013,101044,Diesel,Automatic,First,Bangalore,800,14.6,5,Yes,10.26
Volkswagen,2025,10347,Petrol,Automatic,First,Pune,1600,24.9,5,Yes,18.76
Mahindra,2017,138715,Petrol,Automatic,First,Mumbai,1800,18.7,5,Yes,13.53
Honda,2022,45785,Diesel,Manual,First,Pune,2000,19.8,4,Yes,16.35
Honda,2024,23681,Diesel,Manual,First,Hyderabad,1800,15.5,7,Yes,18.68
Ford,2020,108864,Petrol,Automatic,First,Mumbai,1600,13.3,5,Yes,11.83
Tata,2012,151964,Diesel,Manual,First,Delhi,2200,11.5,7,Yes,13.84
Toyota,2023,52299,Petrol,Manual,Second,Bangalore,1200,22.9,5,Yes,13.16
Ford,2017,22073,Diesel,Manual,First,Bangalore,1600,13.5,5,No,12.61
Kia,2020,107304,Diesel,Manual,Third,Delhi,1400,22.4,5,Yes,12.63
Hyundai,2019,35682,Petrol,Manual,First,Hyderabad,1000,17.0,5,Yes,11.85
Toyota,2022,129302,CNG,Manual,First,Delhi,800,17.5,4,Yes,13.2
Toyota,2017,150361,Petrol,Automatic,Second,Chennai,800,18.4,5,No,9.82
Kia,2014,120359,Diesel,Manual,Second,Hyderabad,2500,16.6,5,Yes,13.78
Kia,2019,143999,Petrol,Manual,First,Mumbai,1200,11.8,5,Yes,10.69
Maruti,2020,71707,Diesel,Manual,First,Delhi,1400,15.6,7,No,13.58
Ford,2012,70428,Diesel,Manual,First,Hyderabad,1000,21.9,5,Yes,10.46
Kia,2023,55601,CNG,Manual,First,Mumbai,800,22.0,5,No,13.29
Honda,2020,138611,Petrol,Manual,First,Delhi,1400,15.2,5,No,11.67
Volkswagen,2025,116487,Diesel,Manual,First,Bangalore,1800,18.3,5,Yes,15.82
Hyundai,2017,158741,Diesel,Manual,First,Delhi,2500,13.5,4,Yes,13.9
Ford,2017,156716,Diesel,Manual,First,Pune,1600,13.8,7,Yes,13.38
Renault,2023,154817,Diesel,Manual,Second,Delhi,1600,10.4,7,Yes,12.82
Honda,2015,33228,Diesel,Manual,Second,Pune,2200,26.1,5,Yes,14.45
Tata,2012,170593,Petrol,Manual,Third,Mumbai,1000,13.8,5,Yes,6.95
Kia,2021,127788,Petrol,Manual,First,Delhi,1400,14.1,4,Yes,12.3
Renault,2019,102239,Diesel,Manual,Second,Mumbai,1500,15.0,5,Yes,12.73
Kia,2013,31928,Petrol,Manual,Second,Mumbai,800,12.3,5,Yes,8.3
Toyota,2023,23322,Electric,Manual,First,Hyderabad,2000,21.5,5,Yes,18.44
Honda,2012,92896,Diesel,Manual,First,Mumbai,2000,11.4,5,Yes,11.97
Toyota,2013,67292,Electric,Manual,Third,Mumbai,1600,12.4,5,Yes,12.49
Maruti,2012,34055,Petrol,Automatic,First,Delhi,1500,21.6,5,Yes,11.91
Toyota,2012,47891,CNG,Automatic,First,Delhi,2000,16.1,5,Yes,13.9
Maruti,2020,86912,Diesel,Automatic,First,Bangalore,1200,22.7,5,Yes,14.53
Maruti,2024,142660,Diesel,Manual,First,Hyderabad,1200,20.0,5,No,12.7
Renault,2025,95536,Diesel,Automatic,Second,Mumbai,1000,14.6,7,Yes,14.6
Kia,2012,11304,Petrol,Manual,First,Hyderabad,1500,21.7,5,Yes,12.18
Tata,2024,12345,Diesel,Manual,First,Pune,1200,12.1,7,Yes,15.42
Toyota,2015,165372,Diesel,Manual,First,Mumbai,1200,19.7,5,Yes,11.63
Honda,2021,160331,Petrol,Manual,First,Hyderabad,1600,17.9,5,Yes,13.7
Maruti,2017,96006,Petrol,Automatic,First,Bangalore,2000,14.8,5,Yes,12.9
Kia,2018,151424,Electric,Manual,First,Bangalore,1000,20.9,5,Yes,14.59
Hyundai,2013,134350,CNG,Automatic,Second,Mumbai,1400,25.7,7,No,11.37
Ford,2017,169437,Electric,Manual,First,Pune,1800,28.0,5,Yes,14.16
Renault,2018,24446,Diesel,Manual,First,Bangalore,800,20.9,5,Yes,12.15
Tata,2021,7336,Petrol,Manual,Second,Bangalore,800,17.3,5,No,10.7
Mahindra,2025,67032,Petrol,Manual,First,Pune,2500,14.1,7,Yes,18.07
Renault,2021,102852,Petrol,Automatic,Second,Hyderabad,1800,14.6,5,Yes,15.48
Hyundai,2013,143593,Petrol,Manual,Second,Bangalore,1800,18.6,7,Yes,10.36
Ford,2013,159553,Petrol,Manual,Second,Delhi,800,16.6,7,Yes,8.5
Hyundai,2021,23474,Petrol,Automatic,First,Chennai,800,26.4,5,Yes,12.61
Toyota,2018,60718,Petrol,Manual,First,Chennai,1400,16.6,7,Yes,14.48
Maruti,2023,49629,Electric,Automatic,First,Bangalore,1500,16.7,7,No,17.0
Tata,2012,50232,Petrol,Manual,First,Hyderabad,1500,16.9,5,No,9.8
Volkswagen,2019,91544,CNG,Manual,Second,Hyderabad,1400,25.1,5,No,11.87
Maruti,2022,55669,Diesel,Manual,Second,Mumbai,2000,21.7,5,No,15.45
Volkswagen,2024,74184,Petrol,Manual,Second,Delhi,1800,21.1,5,Yes,16.14
Ford,2014,18140,Petrol,Manual,Third,Hyderabad,2200,16.0,4,Yes,11.97
Kia,2022,131468,Petrol,Manual,Second,Pune,1800,24.7,5,Yes,13.51
Mahindra,2017,88457,Petrol,Automatic,First,Delhi,2500,10.7,5,Yes,16.02
Honda,2020,19357,Diesel,Automatic,First,Chennai,800,25.7,5,No,13.98
Maruti,2017,116672,Petrol,Manual,Second,Delhi,1800,19.2,5,Yes,9.81
Tata,2020,73673,Petrol,Manual,First,Pune,800,17.2,7,No,11.92
Hyundai,2018,126673,Petrol,Manual,First,Bangalore,1800,18.9,6,No,11.78
Tata,2020,70633,Electric,Manual,First,Pune,2500,22.0,5,No,18.81
Ford,2013,101111,Diesel,Manual,Second,Pune,2000,10.2,5,No,10.72
Volkswagen,2023,83258,Diesel,Manual,First,Bangalore,2200,25.7,5,Yes,18.06
Hyundai,2019,148996,Petrol,Manual,Second,Bangalore,1200,18.0,7,Yes,12.41
Honda,2019,74286,Diesel,Manual,Second,Bangalore,1400,16.2,4,Yes,11.83
Honda,2013,98269,Diesel,Automatic,First,Bangalore,1400,12.5,5,Yes,11.79
Maruti,2023,79071,Diesel,Manual,First,Bangalore,2200,17.9,7,Yes,16.74
Ford,2025,35651,Electric,Manual,First,Pune,1800,18.9,7,No,20.17
Kia,2015,75202,Petrol,Manual,Second,Mumbai,1200,17.3,6,No,9.96
Ford,2025,53777,Electric,Manual,Second,Mumbai,2500,22.2,7,Yes,20.07
Volkswagen,2022,153066,CNG,Manual,Second,Hyderabad,1500,17.6,5,Yes,13.4
Tata,2018,72263,Petrol,Manual,First,Mumbai,1800,27.3,5,Yes,13.48
Honda,2022,105158,Petrol,Automatic,First,Chennai,2000,20.8,5,Yes,16.62
Tata,2015,15800,Electric,Manual,First,Mumbai,800,24.5,5,Yes,12.19
Tata,2015,42823,Petrol,Manual,Second,Pune,1000,12.0,7,Yes,11.98
Tata,2017,68878,Diesel,Automatic,First,Bangalore,1800,17.2,5,Yes,13.47
Honda,2021,23708,Electric,Automatic,First,Bangalore,1000,16.1,5,Yes,16.53
Renault,2017,148891,Diesel,Manual,First,Pune,1800,20.3,7,Yes,13.31
Toyota,2021,68870,Petrol,Manual,First,Chennai,2200,25.5,5,Yes,18.52
Volkswagen,2014,14283,Diesel,Manual,First,Mumbai,1000,11.4,7,Yes,11.02
Renault,2020,166645,Petrol,Manual,First,Pune,1800,11.3,7,Yes,14.25
Volkswagen,2023,83707,Diesel,Manual,First,Hyderabad,1400,25.3,5,Yes,16.15
Hyundai,2021,167005,Petrol,Manual,First,Bangalore,1000,13.8,5,No,10.71
Ford,2025,10774,Diesel,Manual,Second,Delhi,1800,22.0,5,Yes,16.0
Ford,2022,147055,Diesel,Manual,Second,Hyderabad,1500,19.8,5,Yes,13.73
Mahindra,2013,101468,Diesel,Manual,First,Chennai,800,25.0,5,Yes,9.32
Ford,2017,101334,Diesel,Manual,Second,Hyderabad,1500,12.3,5,Yes,12.63
Honda,2023,23133,Diesel,Manual,First,Pune,1200,12.3,7,No,14.35
Kia,2018,151011,Diesel,Manual,First,Mumbai,1800,20.0,5,Yes,13.52
Maruti,2023,5781,Petrol,Manual,Second,Bangalore,1600,27.0,6,Yes,14.82
Mahindra,2024,119586,Diesel,Manual,Second,Chennai,2000,17.5,4,Yes,13.86
Maruti,2020,32624,Petrol,Manual,Second,Chennai,1500,15.9,5,Yes,13.08
Volkswagen,2024,11823,CNG,Manual,First,Delhi,1000,20.9,7,Yes,16.1
Maruti,2014,23489,Petrol,Manual,First,Hyderabad,2200,26.7,5,Yes,14.86
Maruti,2021,176033,Petrol,Manual,Second,Delhi,2000,25.1,5,Yes,11.65
Mahindra,2014,34118,Diesel,Automatic,First,Mumbai,1600,27.9,5,Yes,15.11
Hyundai,2018,105417,Petrol,Automatic,First,Mumbai,2500,10.4,6,Yes,17.39
Tata,2025,86816,Petrol,Manual,Second,Delhi,1800,12.0,5,Yes,13.82
Ford,2015,158335,Diesel,Manual,Second,Bangalore,2200,21.0,5,Yes,14.26
Ford,2024,18565,Diesel,Manual,Second,Mumbai,1800,24.8,5,Yes,16.39
Honda,2019,156426,Diesel,Manual,First,Delhi,1200,15.1,7,Yes,11.77
Mahindra,2024,179023,Petrol,Manual,Second,Hyderabad,1600,14.3,7,Yes,12.79
Honda,2018,96179,Diesel,Automatic,First,Delhi,1800,24.2,5,Yes,16.64
Kia,2016,28648,Petrol,Manual,First,Delhi,1000,11.0,7,Yes,11.05
Kia,2018,46971,Diesel,Manual,Second,Pune,1200,16.6,5,Yes,12.0
Honda,2014,23658,Diesel,Automatic,First,Mumbai,1400,19.1,5,Yes,14.46
Mahindra,2023,26253,Diesel,Automatic,First,Bangalore,2500,20.1,5,No,18.47
Honda,2013,162462,Petrol,Automatic,Second,Bangalore,1600,23.1,5,Yes,11.99
Ford,2017,93664,Petrol,Manual,First,Pune,800,16.4,5,Yes,10.38
Renault,2013,108850,Petrol,Manual,First,Chennai,2200,21.0,4,Yes,12.23
Toyota,2014,168730,Petrol,Manual,First,Bangalore,1500,20.5,5,No,10.66
Maruti,2017,142924,Petrol,Manual,First,Delhi,1800,19.9,7,Yes,12.76
Toyota,2016,138623,Diesel,Manual,First,Pune,2200,21.5,5,No,13.79
Mahindra,2019,76947,Petrol,Manual,Second,Hyderabad,2200,14.7,5,No,14.12
Toyota,2020,66001,Electric,Automatic,Second,Mumbai,800,11.5,7,Yes,15.18
Kia,2022,127775,Petrol,Manual,First,Mumbai,800,12.1,4,No,11.49
Volkswagen,2014,38243,Diesel,Manual,Second,Mumbai,1200,14.0,5,Yes,11.01
Maruti,2023,157872,Diesel,Manual,First,Delhi,1600,19.0,7,No,14.21
Tata,2021,80939,Petrol,Manual,First,Hyderabad,1000,25.1,5,Yes,12.22
Mahindra,2014,62828,Petrol,Manual,Second,Pune,2500,22.6,5,Yes,12.63
Maruti,2014,143311,Diesel,Manual,First,Pune,800,24.2,5,Yes,8.06
Toyota,2024,11710,Petrol,Manual,Third,Mumbai,800,16.3,7,Yes,12.96
Kia,2024,157456,Electric,Automatic,First,Hyderabad,1500,17.3,5,Yes,17.03
Hyundai,2017,157110,Diesel,Manual,Second,Hyderabad,1400,17.1,7,Yes,11.85
Renault,2012,176918,Electric,Automatic,First,Hyderabad,800,13.5,5,Yes,11.27
Tata,2018,42991,Petrol,Manual,First,Bangalore,1400,11.1,5,Yes,11.64
Renault,2023,143043,Diesel,Manual,First,Bangalore,1200,20.6,7,Yes,13.15
Maruti,2012,165211,Diesel,Manual,Second,Mumbai,1000,27.8,5,Yes,7.59
Kia,2025,90445,Diesel,Manual,First,Hyderabad,2200,13.0,5,Yes,17.4
Kia,2016,85257,Petrol,Manual,Third,Chennai,800,10.8,5,Yes,9.63
Toyota,2021,42711,Diesel,Manual,First,Hyderabad,1800,24.0,7,Yes,18.6
Ford,2024,11530,Diesel,Automatic,First,Pune,1400,14.5,5,Yes,17.03
Toyota,2019,16116,Diesel,Automatic,First,Pune,1500,24.9,5,Yes,17.4
Ford,2015,70794,Petrol,Manual,First,Mumbai,2500,22.7,5,No,15.53
Ford,2016,136354,CNG,Automatic,Second,Chennai,1500,27.0,7,Yes,13.62
Tata,2015,137970,Petrol,Manual,First,Hyderabad,800,17.4,5,No,9.01
Toyota,2023,9135,Diesel,Automatic,Second,Chennai,1600,21.9,5,Yes,17.41
Hyundai,2023,142701,CNG,Manual,First,Mumbai,2200,18.4,5,Yes,14.29
Honda,2025,114472,Diesel,Manual,First,Pune,1000,21.4,5,Yes,14.05
Honda,2015,130147,Diesel,Automatic,Second,Pune,1800,18.1,5,No,12.94
Toyota,2023,94087,Petrol,Manual,First,Bangalore,1600,13.4,4,Yes,14.56
Toyota,2019,38380,Electric,Automatic,First,Mumbai,1500,19.1,5,Yes,19.5
Renault,2013,134951,Petrol,Manual,Third,Mumbai,1400,19.5,7,Yes,9.23
Tata,2012,22071,Diesel,Manual,Second,Hyderabad,1400,24.6,7,Yes,13.15
Toyota,2014,25074,Diesel,Manual,First,Hyderabad,1600,23.2,5,No,13.55
Renault,2020,72843,Diesel,Manual,First,Bangalore,1400,21.9,7,Yes,14.09
Ford,2015,44901,Petrol,Manual,First,Delhi,1500,12.0,5,Yes,10.47
Kia,2021,16205,Diesel,Automatic,First,Chennai,1600,23.0,7,Yes,17.03
Kia,2016,129661,Diesel,Manual,Second,Delhi,1500,19.0,5,Yes,12.22
Ford,2013,10906,Petrol,Automatic,Second,Delhi,1800,26.1,5,Yes,13.58
Mahindra,2015,138663,CNG,Automatic,First,Mumbai,2200,26.6,7,Yes,15.78
Renault,2013,130576,Petrol,Manual,First,Chennai,2500,11.0,7,No,12.33
Renault,2013,67987,Petrol,Automatic,First,Mumbai,1800,24.8,5,Yes,12.71
Ford,2015,85685,Petrol,Automatic,First,Chennai,1800,10.7,5,No,14.01
Hyundai,2017,115454,Petrol,Automatic,First,Pune,1400,16.6,5,Yes,12.27
Volkswagen,2018,110487,CNG,Automatic,First,Mumbai,800,19.8,5,Yes,13.21
